,participant_idx,trials_idx,cues,actions,rewards
0,0,0,0,0,-0.5
1,0,1,3,1,0.5
2,0,2,1,1,-0.5
3,0,3,2,0,-0.5
4,0,4,3,1,0.5
5,0,5,3,1,-0.5
6,0,6,2,1,-0.5
7,0,7,1,1,0.5
8,0,8,1,0,0.5
9,0,9,0,0,-0.5
10,0,10,2,0,-0.5
11,0,11,0,0,-0.5
12,0,12,1,1,-0.5
13,0,13,3,1,0.5
14,0,14,2,0,-0.5
15,0,15,0,0,0.5
16,0,16,2,1,0.5
17,0,17,3,1,0.5
18,0,18,2,1,-0.5
19,0,19,0,1,-0.5
20,0,20,2,0,-0.5
21,0,21,3,1,0.5
22,0,22,3,1,-0.5
23,0,23,1,1,-0.5
24,0,24,3,1,0.5
25,0,25,0,0,-0.5
26,0,26,2,0,-0.5
27,0,27,1,1,-0.5
28,0,28,0,0,-0.5
29,0,29,1,0,-0.5
30,0,30,1,1,-0.5
31,0,31,0,1,0.5
32,0,32,3,1,-0.5
33,0,33,2,0,0.5
34,0,34,2,0,-0.5
35,0,35,3,1,0.5
36,0,36,0,1,-0.5
37,0,37,0,0,-0.5
38,0,38,1,0,0.5
39,0,39,2,0,-0.5
40,0,40,2,1,0.5
41,0,41,1,0,0.5
42,0,42,0,1,0.5
43,0,43,3,1,0.5
44,0,44,1,0,-0.5
45,0,45,1,1,-0.5
46,0,46,0,1,-0.5
47,0,47,3,1,0.5
48,0,48,0,1,-0.5
49,0,49,2,1,0.5
50,0,50,3,1,-0.5
51,0,51,1,1,-0.5
52,0,52,0,1,-0.5
53,0,53,3,1,0.5
54,0,54,3,1,0.5
55,0,55,1,0,0.5
56,0,56,0,1,-0.5
57,0,57,0,1,0.5
58,0,58,1,0,0.5
59,0,59,2,0,-0.5
60,0,60,1,1,0.5
61,0,61,2,0,0.5
62,0,62,2,1,0.5
63,0,63,3,1,0.5
64,0,64,1,0,0.5
65,0,65,0,1,-0.5
66,0,66,2,1,0.5
67,0,67,3,0,0.5
68,0,68,1,0,-0.5
69,0,69,2,0,0.5
70,0,70,3,1,-0.5
71,0,71,2,1,0.5
72,0,72,0,0,-0.5
73,0,73,1,1,-0.5
74,0,74,0,1,-0.5
75,0,75,2,0,-0.5
76,0,76,0,1,0.5
77,0,77,3,1,0.5
78,0,78,3,1,0.5
79,0,79,1,0,0.5
80,0,80,2,1,0.5
81,0,81,1,1,-0.5
82,0,82,3,0,0.5
83,0,83,3,1,-0.5
84,0,84,0,0,-0.5
85,0,85,0,0,-0.5
86,0,86,0,0,-0.5
87,0,87,2,1,0.5
88,0,88,0,1,0.5
89,0,89,2,0,0.5
90,0,90,3,0,0.5
91,0,91,1,0,-0.5
92,0,92,2,1,0.5
93,0,93,3,0,0.5
94,0,94,1,0,0.5
95,0,95,1,1,-0.5
96,1,0,2,0,-0.5
97,1,1,2,1,-0.5
98,1,2,1,0,0.5
99,1,3,1,0,0.5
100,1,4,0,1,-0.5
101,1,5,3,0,0.5
102,1,6,1,0,-0.5
103,1,7,0,0,0.5
104,1,8,3,1,0.5
105,1,9,2,1,0.5
106,1,10,1,1,-0.5
107,1,11,3,1,0.5
108,1,12,3,1,-0.5
109,1,13,0,1,-0.5
110,1,14,2,1,0.5
111,1,15,0,0,-0.5
112,1,16,0,1,-0.5
113,1,17,2,1,0.5
114,1,18,2,0,0.5
115,1,19,3,1,0.5
116,1,20,2,1,0.5
117,1,21,3,1,-0.5
118,1,22,1,1,0.5
119,1,23,1,0,0.5
120,1,24,1,1,-0.5
121,1,25,2,1,0.5
122,1,26,0,0,-0.5
123,1,27,0,1,0.5
124,1,28,0,0,-0.5
125,1,29,1,1,-0.5
126,1,30,3,1,0.5
127,1,31,3,0,0.5
128,1,32,3,1,0.5
129,1,33,0,1,-0.5
130,1,34,2,1,0.5
131,1,35,2,0,-0.5
132,1,36,2,0,0.5
133,1,37,3,1,0.5
134,1,38,1,1,-0.5
135,1,39,1,0,0.5
136,1,40,1,1,0.5
137,1,41,2,1,0.5
138,1,42,0,1,-0.5
139,1,43,1,0,0.5
140,1,44,0,1,-0.5
141,1,45,3,0,-0.5
142,1,46,0,1,0.5
143,1,47,3,0,0.5
144,1,48,3,1,-0.5
145,1,49,2,1,-0.5
146,1,50,2,0,-0.5
147,1,51,1,1,0.5
148,1,52,0,0,-0.5
149,1,53,3,0,0.5
150,1,54,2,0,-0.5
151,1,55,1,0,0.5
152,1,56,0,0,-0.5
153,1,57,2,0,-0.5
154,1,58,1,1,-0.5
155,1,59,0,0,-0.5
156,1,60,0,1,0.5
157,1,61,3,0,0.5
158,1,62,3,1,0.5
159,1,63,1,0,0.5
160,1,64,3,0,-0.5
161,1,65,3,0,0.5
162,1,66,1,1,-0.5
163,1,67,0,0,-0.5
164,1,68,2,0,-0.5
165,1,69,2,1,0.5
166,1,70,1,1,-0.5
167,1,71,0,1,-0.5
168,1,72,1,1,-0.5
169,1,73,2,0,0.5
170,1,74,0,1,-0.5
171,1,75,2,1,0.5
172,1,76,3,0,0.5
173,1,77,1,1,0.5
174,1,78,3,0,0.5
175,1,79,0,1,0.5
176,1,80,3,0,0.5
177,1,81,0,1,0.5
178,1,82,2,1,0.5
179,1,83,1,1,-0.5
180,1,84,0,1,-0.5
181,1,85,3,0,0.5
182,1,86,1,1,0.5
183,1,87,2,1,0.5
184,1,88,3,0,-0.5
185,1,89,0,1,-0.5
186,1,90,2,1,0.5
187,1,91,3,0,0.5
188,1,92,1,1,-0.5
189,1,93,1,1,-0.5
190,1,94,2,1,-0.5
191,1,95,0,1,-0.5
192,2,0,3,0,-0.5
193,2,1,2,1,0.5
194,2,2,2,1,-0.5
195,2,3,1,0,-0.5
196,2,4,0,0,-0.5
197,2,5,3,0,-0.5
198,2,6,2,0,-0.5
199,2,7,1,0,0.5
200,2,8,2,1,0.5
201,2,9,3,1,0.5
202,2,10,0,1,-0.5
203,2,11,0,0,-0.5
204,2,12,0,0,0.5
205,2,13,1,0,0.5
206,2,14,1,0,0.5
207,2,15,3,1,0.5
208,2,16,0,0,0.5
209,2,17,3,1,0.5
210,2,18,2,1,0.5
211,2,19,1,0,-0.5
212,2,20,2,1,0.5
213,2,21,3,1,-0.5
214,2,22,0,0,-0.5
215,2,23,3,1,0.5
216,2,24,2,1,-0.5
217,2,25,2,1,0.5
218,2,26,3,1,0.5
219,2,27,0,0,-0.5
220,2,28,1,0,0.5
221,2,29,0,1,-0.5
222,2,30,1,0,0.5
223,2,31,1,0,0.5
224,2,32,3,1,0.5
225,2,33,1,0,0.5
226,2,34,1,0,0.5
227,2,35,2,1,0.5
228,2,36,0,0,-0.5
229,2,37,1,0,-0.5
230,2,38,0,1,-0.5
231,2,39,1,0,0.5
232,2,40,3,1,0.5
233,2,41,0,1,-0.5
234,2,42,2,1,0.5
235,2,43,3,1,-0.5
236,2,44,2,1,-0.5
237,2,45,2,0,-0.5
238,2,46,0,0,0.5
239,2,47,3,0,0.5
240,2,48,1,0,0.5
241,2,49,2,1,-0.5
242,2,50,3,0,0.5
243,2,51,3,0,0.5
244,2,52,1,0,0.5
245,2,53,2,0,-0.5
246,2,54,3,0,0.5
247,2,55,2,1,0.5
248,2,56,2,1,0.5
249,2,57,0,0,0.5
250,2,58,0,1,-0.5
251,2,59,3,0,-0.5
252,2,60,0,1,-0.5
253,2,61,0,0,-0.5
254,2,62,1,0,0.5
255,2,63,1,0,-0.5
256,2,64,3,1,0.5
257,2,65,3,1,-0.5
258,2,66,2,1,0.5
259,2,67,2,1,0.5
260,2,68,1,1,-0.5
261,2,69,2,1,0.5
262,2,70,0,0,-0.5
263,2,71,1,0,0.5
264,2,72,2,1,-0.5
265,2,73,0,0,-0.5
266,2,74,3,1,0.5
267,2,75,0,1,-0.5
268,2,76,3,1,0.5
269,2,77,0,0,0.5
270,2,78,1,0,-0.5
271,2,79,1,0,0.5
272,2,80,1,0,0.5
273,2,81,3,1,-0.5
274,2,82,1,0,0.5
275,2,83,0,1,0.5
276,2,84,2,1,0.5
277,2,85,2,1,0.5
278,2,86,1,0,-0.5
279,2,87,3,1,0.5
280,2,88,2,1,0.5
281,2,89,0,0,-0.5
282,2,90,1,0,0.5
283,2,91,0,1,-0.5
284,2,92,0,0,-0.5
285,2,93,3,1,0.5
286,2,94,2,1,-0.5
287,2,95,3,1,0.5
288,3,0,1,0,-0.5
289,3,1,3,1,0.5
290,3,2,0,1,-0.5
291,3,3,0,0,0.5
292,3,4,2,0,0.5
293,3,5,3,1,-0.5
294,3,6,0,0,-0.5
295,3,7,3,1,0.5
296,3,8,1,1,-0.5
297,3,9,2,0,-0.5
298,3,10,0,0,-0.5
299,3,11,1,0,0.5
300,3,12,2,1,0.5
301,3,13,2,1,0.5
302,3,14,1,0,-0.5
303,3,15,3,1,0.5
304,3,16,0,0,-0.5
305,3,17,3,1,0.5
306,3,18,2,1,-0.5
307,3,19,2,1,0.5
308,3,20,1,0,0.5
309,3,21,3,1,0.5
310,3,22,0,1,-0.5
311,3,23,1,0,0.5
312,3,24,2,1,0.5
313,3,25,2,1,0.5
314,3,26,1,0,-0.5
315,3,27,1,0,0.5
316,3,28,3,1,0.5
317,3,29,0,0,0.5
318,3,30,3,1,-0.5
319,3,31,0,0,-0.5
320,3,32,1,0,0.5
321,3,33,1,0,0.5
322,3,34,2,1,0.5
323,3,35,1,0,0.5
324,3,36,3,1,0.5
325,3,37,3,1,0.5
326,3,38,0,0,-0.5
327,3,39,2,1,0.5
328,3,40,0,0,-0.5
329,3,41,2,1,0.5
330,3,42,2,1,-0.5
331,3,43,0,0,-0.5
332,3,44,3,1,0.5
333,3,45,3,1,-0.5
334,3,46,1,0,-0.5
335,3,47,0,0,0.5
336,3,48,2,1,-0.5
337,3,49,2,1,0.5
338,3,50,3,1,-0.5
339,3,51,0,0,-0.5
340,3,52,3,1,0.5
341,3,53,2,1,0.5
342,3,54,0,0,-0.5
343,3,55,3,1,0.5
344,3,56,1,0,0.5
345,3,57,0,0,0.5
346,3,58,1,0,0.5
347,3,59,1,0,-0.5
348,3,60,3,1,0.5
349,3,61,0,0,-0.5
350,3,62,1,0,0.5
351,3,63,2,1,0.5
352,3,64,0,0,0.5
353,3,65,3,1,0.5
354,3,66,2,1,-0.5
355,3,67,1,0,-0.5
356,3,68,2,1,0.5
357,3,69,1,0,0.5
358,3,70,3,1,0.5
359,3,71,2,1,0.5
360,3,72,0,0,-0.5
361,3,73,3,1,-0.5
362,3,74,0,0,-0.5
363,3,75,2,1,0.5
364,3,76,1,0,0.5
365,3,77,0,0,-0.5
366,3,78,3,1,0.5
367,3,79,1,0,0.5
368,3,80,1,0,-0.5
369,3,81,1,0,0.5
370,3,82,2,1,0.5
371,3,83,0,1,-0.5
372,3,84,3,1,0.5
373,3,85,0,1,-0.5
374,3,86,3,1,0.5
375,3,87,3,1,0.5
376,3,88,2,1,-0.5
377,3,89,1,0,0.5
378,3,90,0,1,-0.5
379,3,91,2,1,0.5
380,3,92,2,1,0.5
381,3,93,0,1,0.5
382,3,94,3,1,-0.5
383,3,95,1,0,0.5
384,4,0,2,0,-0.5
385,4,1,0,1,-0.5
386,4,2,1,0,0.5
387,4,3,1,0,0.5
388,4,4,3,0,0.5
389,4,5,3,0,-0.5
390,4,6,2,0,-0.5
391,4,7,1,1,-0.5
392,4,8,0,1,0.5
393,4,9,0,1,-0.5
394,4,10,2,1,-0.5
395,4,11,0,1,-0.5
396,4,12,3,0,0.5
397,4,13,2,1,0.5
398,4,14,1,0,-0.5
399,4,15,3,1,0.5
400,4,16,3,0,-0.5
401,4,17,1,1,-0.5
402,4,18,2,0,-0.5
403,4,19,3,1,-0.5
404,4,20,2,0,-0.5
405,4,21,0,1,-0.5
406,4,22,1,0,-0.5
407,4,23,0,0,0.5
408,4,24,3,0,0.5
409,4,25,3,0,0.5
410,4,26,0,0,-0.5
411,4,27,2,0,0.5
412,4,28,2,0,-0.5
413,4,29,1,1,-0.5
414,4,30,0,1,-0.5
415,4,31,1,0,0.5
416,4,32,3,1,0.5
417,4,33,1,0,-0.5
418,4,34,0,1,0.5
419,4,35,2,1,-0.5
420,4,36,3,1,0.5
421,4,37,2,0,-0.5
422,4,38,3,1,0.5
423,4,39,3,1,-0.5
424,4,40,0,1,-0.5
425,4,41,0,1,-0.5
426,4,42,1,1,-0.5
427,4,43,2,0,-0.5
428,4,44,0,1,-0.5
429,4,45,2,0,-0.5
430,4,46,1,1,-0.5
431,4,47,1,1,-0.5
432,4,48,1,1,-0.5
433,4,49,1,0,0.5
434,4,50,0,0,-0.5
435,4,51,3,0,0.5
436,4,52,1,1,0.5
437,4,53,0,0,-0.5
438,4,54,3,0,-0.5
439,4,55,2,1,0.5
440,4,56,2,1,0.5
441,4,57,3,0,0.5
442,4,58,0,0,0.5
443,4,59,2,1,0.5
444,4,60,3,1,0.5
445,4,61,1,0,0.5
446,4,62,0,0,-0.5
447,4,63,2,1,-0.5
448,4,64,2,0,-0.5
449,4,65,0,0,-0.5
450,4,66,0,0,0.5
451,4,67,3,0,0.5
452,4,68,1,1,-0.5
453,4,69,1,1,-0.5
454,4,70,3,0,0.5
455,4,71,2,1,0.5
456,4,72,1,0,-0.5
457,4,73,1,1,-0.5
458,4,74,3,0,0.5
459,4,75,0,1,-0.5
460,4,76,2,1,0.5
461,4,77,2,1,-0.5
462,4,78,0,0,-0.5
463,4,79,3,0,-0.5
464,4,80,2,1,0.5
465,4,81,1,1,-0.5
466,4,82,3,0,0.5
467,4,83,2,1,0.5
468,4,84,2,1,0.5
469,4,85,2,0,0.5
470,4,86,0,1,-0.5
471,4,87,1,1,-0.5
472,4,88,1,0,-0.5
473,4,89,3,0,0.5
474,4,90,3,0,-0.5
475,4,91,0,1,-0.5
476,4,92,0,1,0.5
477,4,93,1,0,0.5
478,4,94,3,0,0.5
479,4,95,0,1,-0.5
480,5,0,3,1,-0.5
481,5,1,1,0,-0.5
482,5,2,1,1,-0.5
483,5,3,3,0,0.5
484,5,4,1,0,0.5
485,5,5,1,0,0.5
486,5,6,3,0,0.5
487,5,7,2,1,0.5
488,5,8,0,0,0.5
489,5,9,3,0,0.5
490,5,10,2,1,-0.5
491,5,11,0,0,-0.5
492,5,12,2,1,0.5
493,5,13,0,0,-0.5
494,5,14,0,1,-0.5
495,5,15,2,1,0.5
496,5,16,0,1,-0.5
497,5,17,3,0,0.5
498,5,18,2,1,0.5
499,5,19,0,0,-0.5
500,5,20,0,0,0.5
501,5,21,0,0,-0.5
502,5,22,1,0,0.5
503,5,23,3,0,0.5
504,5,24,3,0,-0.5
505,5,25,1,0,-0.5
506,5,26,3,0,0.5
507,5,27,2,1,-0.5
508,5,28,2,1,0.5
509,5,29,1,1,-0.5
510,5,30,2,1,0.5
511,5,31,1,1,-0.5
512,5,32,3,0,0.5
513,5,33,1,0,0.5
514,5,34,3,0,0.5
515,5,35,2,1,-0.5
516,5,36,1,0,0.5
517,5,37,0,0,-0.5
518,5,38,3,0,0.5
519,5,39,0,0,-0.5
520,5,40,2,1,0.5
521,5,41,1,1,0.5
522,5,42,2,1,0.5
523,5,43,1,1,-0.5
524,5,44,2,1,0.5
525,5,45,3,0,-0.5
526,5,46,0,0,-0.5
527,5,47,0,0,0.5
528,5,48,1,1,0.5
529,5,49,1,1,-0.5
530,5,50,3,0,0.5
531,5,51,2,1,0.5
532,5,52,3,0,0.5
533,5,53,3,0,-0.5
534,5,54,2,1,0.5
535,5,55,1,1,-0.5
536,5,56,2,1,0.5
537,5,57,2,1,-0.5
538,5,58,0,0,-0.5
539,5,59,3,0,0.5
540,5,60,0,0,0.5
541,5,61,0,0,-0.5
542,5,62,0,0,-0.5
543,5,63,1,0,0.5
544,5,64,3,0,0.5
545,5,65,3,0,-0.5
546,5,66,1,0,0.5
547,5,67,2,1,0.5
548,5,68,0,0,-0.5
549,5,69,0,0,-0.5
550,5,70,2,1,0.5
551,5,71,3,0,0.5
552,5,72,0,0,0.5
553,5,73,2,1,-0.5
554,5,74,2,1,0.5
555,5,75,0,0,-0.5
556,5,76,1,0,-0.5
557,5,77,1,0,0.5
558,5,78,1,0,0.5
559,5,79,3,0,0.5
560,5,80,1,0,-0.5
561,5,81,1,0,0.5
562,5,82,3,0,-0.5
563,5,83,3,0,-0.5
564,5,84,2,1,0.5
565,5,85,2,1,-0.5
566,5,86,0,0,-0.5
567,5,87,1,0,-0.5
568,5,88,3,0,0.5
569,5,89,0,0,-0.5
570,5,90,0,0,0.5
571,5,91,2,1,0.5
572,5,92,2,1,0.5
573,5,93,1,0,0.5
574,5,94,3,0,0.5
575,5,95,0,0,-0.5
576,6,0,3,0,-0.5
577,6,1,1,0,0.5
578,6,2,2,0,-0.5
579,6,3,2,0,-0.5
580,6,4,0,0,-0.5
581,6,5,3,0,-0.5
582,6,6,0,0,-0.5
583,6,7,0,0,-0.5
584,6,8,0,0,-0.5
585,6,9,3,0,-0.5
586,6,10,1,0,0.5
587,6,11,2,0,0.5
588,6,12,1,0,-0.5
589,6,13,1,0,0.5
590,6,14,2,0,-0.5
591,6,15,3,0,0.5
592,6,16,3,0,0.5
593,6,17,0,0,-0.5
594,6,18,1,0,0.5
595,6,19,2,0,0.5
596,6,20,1,0,0.5
597,6,21,3,0,0.5
598,6,22,0,0,-0.5
599,6,23,0,0,0.5
600,6,24,3,0,0.5
601,6,25,2,0,-0.5
602,6,26,2,0,-0.5
603,6,27,2,0,-0.5
604,6,28,0,0,-0.5
605,6,29,3,0,-0.5
606,6,30,1,0,-0.5
607,6,31,1,0,-0.5
608,6,32,2,0,0.5
609,6,33,2,0,-0.5
610,6,34,1,0,0.5
611,6,35,2,0,-0.5
612,6,36,0,0,-0.5
613,6,37,2,0,-0.5
614,6,38,3,0,0.5
615,6,39,0,0,0.5
616,6,40,1,0,0.5
617,6,41,3,0,-0.5
618,6,42,1,0,0.5
619,6,43,0,0,-0.5
620,6,44,3,0,0.5
621,6,45,1,0,-0.5
622,6,46,3,0,0.5
623,6,47,0,0,-0.5
624,6,48,2,0,-0.5
625,6,49,3,0,-0.5
626,6,50,1,0,0.5
627,6,51,0,0,-0.5
628,6,52,1,0,-0.5
629,6,53,2,0,0.5
630,6,54,2,0,-0.5
631,6,55,0,0,-0.5
632,6,56,0,0,0.5
633,6,57,1,0,0.5
634,6,58,2,0,-0.5
635,6,59,3,0,0.5
636,6,60,3,0,0.5
637,6,61,3,0,-0.5
638,6,62,0,0,-0.5
639,6,63,1,0,0.5
640,6,64,2,0,-0.5
641,6,65,3,0,0.5
642,6,66,1,0,0.5
643,6,67,0,0,-0.5
644,6,68,1,0,-0.5
645,6,69,3,0,-0.5
646,6,70,1,0,-0.5
647,6,71,0,0,-0.5
648,6,72,3,0,0.5
649,6,73,0,0,0.5
650,6,74,2,0,-0.5
651,6,75,1,0,0.5
652,6,76,2,0,-0.5
653,6,77,2,0,0.5
654,6,78,0,0,-0.5
655,6,79,3,0,0.5
656,6,80,0,0,-0.5
657,6,81,0,0,0.5
658,6,82,3,0,0.5
659,6,83,2,0,0.5
660,6,84,2,0,-0.5
661,6,85,3,0,-0.5
662,6,86,3,1,0.5
663,6,87,1,1,-0.5
664,6,88,1,0,0.5
665,6,89,2,0,-0.5
666,6,90,2,0,-0.5
667,6,91,0,1,-0.5
668,6,92,0,0,-0.5
669,6,93,1,1,0.5
670,6,94,1,1,-0.5
671,6,95,3,0,-0.5
672,7,0,1,1,0.5
673,7,1,2,0,-0.5
674,7,2,2,1,0.5
675,7,3,0,1,0.5
676,7,4,0,1,-0.5
677,7,5,1,1,-0.5
678,7,6,0,1,-0.5
679,7,7,2,0,-0.5
680,7,8,2,0,0.5
681,7,9,1,0,0.5
682,7,10,3,1,-0.5
683,7,11,1,0,0.5
684,7,12,3,1,0.5
685,7,13,0,0,-0.5
686,7,14,3,1,0.5
687,7,15,3,1,0.5
688,7,16,1,0,0.5
689,7,17,2,1,-0.5
690,7,18,2,1,0.5
691,7,19,0,0,-0.5
692,7,20,2,1,0.5
693,7,21,3,1,0.5
694,7,22,2,1,0.5
695,7,23,1,0,0.5
696,7,24,1,0,0.5
697,7,25,0,1,0.5
698,7,26,1,0,-0.5
699,7,27,3,1,0.5
700,7,28,0,0,-0.5
701,7,29,3,1,-0.5
702,7,30,3,1,0.5
703,7,31,0,0,-0.5
704,7,32,3,1,0.5
705,7,33,3,1,-0.5
706,7,34,3,1,0.5
707,7,35,2,0,0.5
708,7,36,2,0,-0.5
709,7,37,2,0,-0.5
710,7,38,1,0,-0.5
711,7,39,0,1,-0.5
712,7,40,1,1,-0.5
713,7,41,1,1,-0.5
714,7,42,3,1,0.5
715,7,43,0,1,0.5
716,7,44,2,1,0.5
717,7,45,0,1,-0.5
718,7,46,0,1,-0.5
719,7,47,1,1,-0.5
720,7,48,2,1,0.5
721,7,49,0,1,0.5
722,7,50,1,1,-0.5
723,7,51,3,1,0.5
724,7,52,1,0,0.5
725,7,53,2,1,-0.5
726,7,54,0,0,-0.5
727,7,55,2,1,0.5
728,7,56,3,1,0.5
729,7,57,1,0,-0.5
730,7,58,2,1,0.5
731,7,59,0,1,-0.5
732,7,60,0,1,-0.5
733,7,61,3,1,-0.5
734,7,62,3,1,0.5
735,7,63,1,0,0.5
736,7,64,3,1,0.5
737,7,65,1,0,0.5
738,7,66,3,1,-0.5
739,7,67,0,1,-0.5
740,7,68,2,1,-0.5
741,7,69,2,1,0.5
742,7,70,0,1,-0.5
743,7,71,0,1,0.5
744,7,72,1,0,0.5
745,7,73,1,0,-0.5
746,7,74,0,1,-0.5
747,7,75,3,1,0.5
748,7,76,1,0,0.5
749,7,77,3,1,0.5
750,7,78,2,1,0.5
751,7,79,2,0,-0.5
752,7,80,1,1,0.5
753,7,81,1,1,-0.5
754,7,82,0,1,0.5
755,7,83,0,0,-0.5
756,7,84,2,1,0.5
757,7,85,0,1,-0.5
758,7,86,3,1,0.5
759,7,87,2,1,-0.5
760,7,88,1,1,-0.5
761,7,89,3,1,-0.5
762,7,90,3,1,0.5
763,7,91,2,0,-0.5
764,7,92,1,0,0.5
765,7,93,2,0,-0.5
766,7,94,0,0,-0.5
767,7,95,3,1,0.5
768,8,0,1,1,-0.5
769,8,1,2,1,0.5
770,8,2,3,1,0.5
771,8,3,0,0,-0.5
772,8,4,1,0,0.5
773,8,5,3,1,0.5
774,8,6,3,1,-0.5
775,8,7,2,1,0.5
776,8,8,2,1,-0.5
777,8,9,1,0,-0.5
778,8,10,1,0,-0.5
779,8,11,0,0,-0.5
780,8,12,0,1,0.5
781,8,13,3,1,0.5
782,8,14,2,1,0.5
783,8,15,0,1,-0.5
784,8,16,3,1,0.5
785,8,17,0,0,-0.5
786,8,18,0,1,-0.5
787,8,19,2,1,-0.5
788,8,20,1,0,0.5
789,8,21,3,1,-0.5
790,8,22,0,1,-0.5
791,8,23,2,1,0.5
792,8,24,0,0,0.5
793,8,25,2,1,0.5
794,8,26,1,0,-0.5
795,8,27,1,0,0.5
796,8,28,2,1,0.5
797,8,29,1,1,0.5
798,8,30,3,1,0.5
799,8,31,3,1,0.5
800,8,32,3,1,-0.5
801,8,33,1,1,-0.5
802,8,34,3,1,0.5
803,8,35,2,1,0.5
804,8,36,1,1,-0.5
805,8,37,0,0,-0.5
806,8,38,3,1,0.5
807,8,39,0,1,-0.5
808,8,40,2,1,-0.5
809,8,41,0,1,0.5
810,8,42,2,1,0.5
811,8,43,1,1,0.5
812,8,44,3,1,0.5
813,8,45,1,1,-0.5
814,8,46,0,0,-0.5
815,8,47,2,1,0.5
816,8,48,1,1,-0.5
817,8,49,3,1,0.5
818,8,50,2,1,0.5
819,8,51,2,1,0.5
820,8,52,2,1,-0.5
821,8,53,0,1,-0.5
822,8,54,0,1,-0.5
823,8,55,1,1,0.5
824,8,56,1,1,-0.5
825,8,57,2,1,0.5
826,8,58,1,1,-0.5
827,8,59,0,0,-0.5
828,8,60,3,1,-0.5
829,8,61,0,0,0.5
830,8,62,3,1,0.5
831,8,63,3,1,0.5
832,8,64,1,1,0.5
833,8,65,1,1,-0.5
834,8,66,3,1,0.5
835,8,67,3,1,-0.5
836,8,68,0,1,-0.5
837,8,69,0,0,-0.5
838,8,70,3,1,0.5
839,8,71,0,1,0.5
840,8,72,1,1,-0.5
841,8,73,2,1,-0.5
842,8,74,2,1,0.5
843,8,75,1,1,-0.5
844,8,76,3,1,0.5
845,8,77,2,1,0.5
846,8,78,0,0,-0.5
847,8,79,2,1,0.5
848,8,80,3,1,0.5
849,8,81,0,0,-0.5
850,8,82,3,1,0.5
851,8,83,1,1,-0.5
852,8,84,1,1,-0.5
853,8,85,0,1,-0.5
854,8,86,2,1,0.5
855,8,87,0,0,0.5
856,8,88,2,1,0.5
857,8,89,3,1,0.5
858,8,90,1,1,0.5
859,8,91,0,0,-0.5
860,8,92,3,1,-0.5
861,8,93,2,1,0.5
862,8,94,2,1,-0.5
863,8,95,1,1,-0.5
864,9,0,1,0,0.5
865,9,1,0,1,-0.5
866,9,2,3,1,0.5
867,9,3,0,1,0.5
868,9,4,2,1,0.5
869,9,5,0,0,-0.5
870,9,6,1,0,-0.5
871,9,7,2,0,-0.5
872,9,8,3,1,0.5
873,9,9,1,1,-0.5
874,9,10,2,1,-0.5
875,9,11,1,0,0.5
876,9,12,3,1,-0.5
877,9,13,2,1,0.5
878,9,14,3,1,0.5
879,9,15,0,0,-0.5
880,9,16,3,1,0.5
881,9,17,1,0,-0.5
882,9,18,3,1,-0.5
883,9,19,2,1,0.5
884,9,20,1,0,0.5
885,9,21,2,1,0.5
886,9,22,1,0,0.5
887,9,23,0,1,0.5
888,9,24,2,1,0.5
889,9,25,0,1,-0.5
890,9,26,1,0,0.5
891,9,27,3,1,0.5
892,9,28,0,1,-0.5
893,9,29,3,1,0.5
894,9,30,2,1,-0.5
895,9,31,0,1,-0.5
896,9,32,2,1,-0.5
897,9,33,3,1,0.5
898,9,34,0,1,-0.5
899,9,35,2,1,0.5
900,9,36,1,0,0.5
901,9,37,3,1,0.5
902,9,38,3,1,0.5
903,9,39,1,0,0.5
904,9,40,1,0,-0.5
905,9,41,2,1,0.5
906,9,42,0,1,-0.5
907,9,43,3,1,-0.5
908,9,44,0,1,-0.5
909,9,45,1,0,0.5
910,9,46,0,1,0.5
911,9,47,2,0,-0.5
912,9,48,3,1,-0.5
913,9,49,2,1,-0.5
914,9,50,0,1,0.5
915,9,51,1,0,0.5
916,9,52,2,1,0.5
917,9,53,2,1,0.5
918,9,54,0,1,-0.5
919,9,55,3,1,0.5
920,9,56,3,1,0.5
921,9,57,1,0,-0.5
922,9,58,1,0,0.5
923,9,59,2,1,0.5
924,9,60,3,1,0.5
925,9,61,0,1,-0.5
926,9,62,0,1,-0.5
927,9,63,1,0,0.5
928,9,64,2,1,-0.5
929,9,65,2,1,0.5
930,9,66,0,1,-0.5
931,9,67,2,1,0.5
932,9,68,0,1,-0.5
933,9,69,3,1,0.5
934,9,70,3,1,0.5
935,9,71,1,0,0.5
936,9,72,1,0,0.5
937,9,73,2,1,0.5
938,9,74,1,0,-0.5
939,9,75,1,0,0.5
940,9,76,3,1,0.5
941,9,77,3,1,-0.5
942,9,78,0,0,0.5
943,9,79,0,0,-0.5
944,9,80,2,1,0.5
945,9,81,1,0,0.5
946,9,82,0,1,-0.5
947,9,83,3,1,0.5
948,9,84,2,1,-0.5
949,9,85,3,1,-0.5
950,9,86,1,0,0.5
951,9,87,0,0,-0.5
952,9,88,2,1,0.5
953,9,89,0,0,-0.5
954,9,90,2,1,0.5
955,9,91,3,1,0.5
956,9,92,1,0,-0.5
957,9,93,0,1,0.5
958,9,94,3,1,0.5
959,9,95,1,1,-0.5
960,10,0,1,0,-0.5
961,10,1,2,0,-0.5
962,10,2,3,0,0.5
963,10,3,0,0,-0.5
964,10,4,1,0,0.5
965,10,5,3,0,0.5
966,10,6,0,0,-0.5
967,10,7,1,0,0.5
968,10,8,2,0,-0.5
969,10,9,2,0,0.5
970,10,10,3,0,0.5
971,10,11,3,0,-0.5
972,10,12,2,1,0.5
973,10,13,0,1,-0.5
974,10,14,0,1,0.5
975,10,15,1,0,0.5
976,10,16,0,1,-0.5
977,10,17,3,1,-0.5
978,10,18,2,1,-0.5
979,10,19,1,0,0.5
980,10,20,3,1,0.5
981,10,21,1,0,0.5
982,10,22,0,1,0.5
983,10,23,0,1,-0.5
984,10,24,3,0,0.5
985,10,25,2,1,0.5
986,10,26,2,1,0.5
987,10,27,1,0,0.5
988,10,28,3,1,0.5
989,10,29,2,1,0.5
990,10,30,1,0,-0.5
991,10,31,0,1,-0.5
992,10,32,1,0,-0.5
993,10,33,1,0,0.5
994,10,34,2,0,0.5
995,10,35,0,0,-0.5
996,10,36,3,0,-0.5
997,10,37,3,0,0.5
998,10,38,2,0,-0.5
999,10,39,0,1,-0.5
1000,10,40,2,1,0.5
1001,10,41,0,1,-0.5
1002,10,42,3,0,0.5
1003,10,43,1,0,0.5
1004,10,44,2,1,0.5
1005,10,45,0,1,0.5
1006,10,46,1,0,0.5
1007,10,47,3,0,0.5
1008,10,48,3,0,0.5
1009,10,49,1,0,0.5
1010,10,50,2,1,-0.5
1011,10,51,1,0,0.5
1012,10,52,2,1,0.5
1013,10,53,0,1,-0.5
1014,10,54,1,0,-0.5
1015,10,55,3,0,0.5
1016,10,56,1,0,0.5
1017,10,57,3,0,-0.5
1018,10,58,0,0,-0.5
1019,10,59,2,1,0.5
1020,10,60,2,1,0.5
1021,10,61,3,0,0.5
1022,10,62,0,0,-0.5
1023,10,63,0,0,0.5
1024,10,64,0,1,-0.5
1025,10,65,1,0,0.5
1026,10,66,0,1,-0.5
1027,10,67,0,1,-0.5
1028,10,68,2,1,0.5
1029,10,69,3,0,0.5
1030,10,70,2,1,-0.5
1031,10,71,2,1,0.5
1032,10,72,1,0,0.5
1033,10,73,2,1,0.5
1034,10,74,1,0,-0.5
1035,10,75,3,0,0.5
1036,10,76,0,0,0.5
1037,10,77,3,0,-0.5
1038,10,78,1,0,0.5
1039,10,79,3,0,0.5
1040,10,80,3,0,0.5
1041,10,81,0,0,-0.5
1042,10,82,3,0,-0.5
1043,10,83,1,0,0.5
1044,10,84,0,0,0.5
1045,10,85,2,1,0.5
1046,10,86,1,0,-0.5
1047,10,87,3,0,0.5
1048,10,88,0,0,-0.5
1049,10,89,2,1,0.5
1050,10,90,1,0,0.5
1051,10,91,0,0,-0.5
1052,10,92,2,1,-0.5
1053,10,93,3,0,0.5
1054,10,94,1,0,0.5
1055,10,95,2,1,0.5
1056,11,0,3,1,0.5
1057,11,1,2,0,-0.5
1058,11,2,3,1,0.5
1059,11,3,3,1,-0.5
1060,11,4,2,1,0.5
1061,11,5,1,1,-0.5
1062,11,6,0,1,0.5
1063,11,7,3,1,0.5
1064,11,8,0,0,-0.5
1065,11,9,1,0,0.5
1066,11,10,2,1,0.5
1067,11,11,0,1,-0.5
1068,11,12,1,0,0.5
1069,11,13,0,1,-0.5
1070,11,14,1,0,-0.5
1071,11,15,2,1,-0.5
1072,11,16,3,1,0.5
1073,11,17,3,1,0.5
1074,11,18,1,0,0.5
1075,11,19,1,0,0.5
1076,11,20,2,1,-0.5
1077,11,21,1,0,0.5
1078,11,22,2,1,0.5
1079,11,23,0,1,0.5
1080,11,24,3,1,-0.5
1081,11,25,0,1,-0.5
1082,11,26,0,1,-0.5
1083,11,27,3,1,0.5
1084,11,28,2,1,0.5
1085,11,29,0,0,-0.5
1086,11,30,2,1,0.5
1087,11,31,1,0,-0.5
1088,11,32,0,0,-0.5
1089,11,33,1,0,0.5
1090,11,34,2,1,0.5
1091,11,35,2,1,-0.5
1092,11,36,1,0,0.5
1093,11,37,3,1,0.5
1094,11,38,3,1,0.5
1095,11,39,1,0,0.5
1096,11,40,3,1,0.5
1097,11,41,1,0,-0.5
1098,11,42,0,1,0.5
1099,11,43,2,1,0.5
1100,11,44,0,1,-0.5
1101,11,45,3,1,-0.5
1102,11,46,0,1,-0.5
1103,11,47,2,1,0.5
1104,11,48,3,1,0.5
1105,11,49,1,0,0.5
1106,11,50,3,1,0.5
1107,11,51,1,0,0.5
1108,11,52,2,1,0.5
1109,11,53,1,0,0.5
1110,11,54,2,1,-0.5
1111,11,55,3,1,-0.5
1112,11,56,2,1,0.5
1113,11,57,0,0,-0.5
1114,11,58,0,1,-0.5
1115,11,59,3,1,0.5
1116,11,60,1,0,-0.5
1117,11,61,0,0,-0.5
1118,11,62,0,1,0.5
1119,11,63,2,1,0.5
1120,11,64,1,0,0.5
1121,11,65,0,1,-0.5
1122,11,66,3,1,0.5
1123,11,67,0,1,0.5
1124,11,68,2,1,-0.5
1125,11,69,3,1,0.5
1126,11,70,1,0,-0.5
1127,11,71,3,1,-0.5
1128,11,72,1,0,0.5
1129,11,73,2,1,0.5
1130,11,74,0,1,-0.5
1131,11,75,0,1,-0.5
1132,11,76,1,0,0.5
1133,11,77,2,1,0.5
1134,11,78,3,1,0.5
1135,11,79,2,1,0.5
1136,11,80,2,1,0.5
1137,11,81,1,0,0.5
1138,11,82,3,1,0.5
1139,11,83,2,1,0.5
1140,11,84,0,1,0.5
1141,11,85,3,1,0.5
1142,11,86,1,0,0.5
1143,11,87,2,1,-0.5
1144,11,88,2,1,0.5
1145,11,89,0,1,-0.5
1146,11,90,3,1,0.5
1147,11,91,0,1,-0.5
1148,11,92,1,0,0.5
1149,11,93,0,1,-0.5
1150,11,94,1,0,-0.5
1151,11,95,3,1,-0.5
1152,12,0,1,0,0.5
1153,12,1,0,0,0.5
1154,12,2,2,1,0.5
1155,12,3,2,1,0.5
1156,12,4,1,0,0.5
1157,12,5,2,1,0.5
1158,12,6,3,0,0.5
1159,12,7,3,1,-0.5
1160,12,8,1,0,-0.5
1161,12,9,1,0,0.5
1162,12,10,3,1,0.5
1163,12,11,2,1,-0.5
1164,12,12,0,0,-0.5
1165,12,13,3,0,0.5
1166,12,14,0,1,-0.5
1167,12,15,0,0,-0.5
1168,12,16,2,1,-0.5
1169,12,17,0,1,0.5
1170,12,18,1,0,0.5
1171,12,19,2,0,-0.5
1172,12,20,1,0,0.5
1173,12,21,3,1,-0.5
1174,12,22,1,0,0.5
1175,12,23,3,0,0.5
1176,12,24,0,0,-0.5
1177,12,25,2,1,0.5
1178,12,26,3,0,0.5
1179,12,27,2,1,0.5
1180,12,28,1,1,0.5
1181,12,29,3,0,0.5
1182,12,30,0,0,-0.5
1183,12,31,0,0,-0.5
1184,12,32,1,0,0.5
1185,12,33,0,0,-0.5
1186,12,34,1,0,-0.5
1187,12,35,0,0,-0.5
1188,12,36,1,0,0.5
1189,12,37,2,1,0.5
1190,12,38,3,0,0.5
1191,12,39,3,0,0.5
1192,12,40,2,1,-0.5
1193,12,41,3,0,-0.5
1194,12,42,3,0,0.5
1195,12,43,2,1,0.5
1196,12,44,0,0,0.5
1197,12,45,0,0,-0.5
1198,12,46,1,0,0.5
1199,12,47,2,1,0.5
1200,12,48,3,0,-0.5
1201,12,49,0,0,-0.5
1202,12,50,0,0,-0.5
1203,12,51,0,0,-0.5
1204,12,52,1,0,0.5
1205,12,53,2,1,0.5
1206,12,54,1,0,0.5
1207,12,55,1,0,0.5
1208,12,56,3,0,0.5
1209,12,57,1,1,0.5
1210,12,58,2,1,0.5
1211,12,59,3,0,0.5
1212,12,60,2,1,0.5
1213,12,61,2,1,-0.5
1214,12,62,0,0,0.5
1215,12,63,3,0,0.5
1216,12,64,2,1,0.5
1217,12,65,2,1,-0.5
1218,12,66,0,0,-0.5
1219,12,67,3,0,0.5
1220,12,68,2,1,0.5
1221,12,69,0,0,0.5
1222,12,70,3,0,0.5
1223,12,71,1,0,-0.5
1224,12,72,3,0,-0.5
1225,12,73,0,0,-0.5
1226,12,74,1,0,0.5
1227,12,75,1,0,0.5
1228,12,76,3,0,0.5
1229,12,77,2,1,0.5
1230,12,78,0,0,-0.5
1231,12,79,1,0,0.5
1232,12,80,3,0,0.5
1233,12,81,1,0,0.5
1234,12,82,3,0,-0.5
1235,12,83,3,0,0.5
1236,12,84,1,0,0.5
1237,12,85,2,1,0.5
1238,12,86,2,1,0.5
1239,12,87,0,0,-0.5
1240,12,88,3,0,0.5
1241,12,89,2,1,0.5
1242,12,90,0,0,0.5
1243,12,91,1,0,-0.5
1244,12,92,0,0,-0.5
1245,12,93,2,1,-0.5
1246,12,94,1,0,0.5
1247,12,95,0,0,-0.5
1248,13,0,2,1,0.5
1249,13,1,3,0,0.5
1250,13,2,0,1,-0.5
1251,13,3,3,0,0.5
1252,13,4,2,1,-0.5
1253,13,5,1,1,0.5
1254,13,6,2,1,0.5
1255,13,7,0,0,0.5
1256,13,8,2,1,0.5
1257,13,9,3,0,0.5
1258,13,10,1,1,-0.5
1259,13,11,1,1,-0.5
1260,13,12,0,0,-0.5
1261,13,13,1,1,-0.5
1262,13,14,3,0,-0.5
1263,13,15,0,0,-0.5
1264,13,16,2,1,0.5
1265,13,17,1,0,0.5
1266,13,18,0,0,0.5
1267,13,19,2,1,-0.5
1268,13,20,1,0,0.5
1269,13,21,3,0,0.5
1270,13,22,0,0,-0.5
1271,13,23,0,0,-0.5
1272,13,24,3,0,-0.5
1273,13,25,2,1,0.5
1274,13,26,1,0,0.5
1275,13,27,0,0,-0.5
1276,13,28,1,0,-0.5
1277,13,29,2,1,0.5
1278,13,30,3,0,0.5
1279,13,31,3,0,0.5
1280,13,32,2,1,0.5
1281,13,33,0,1,-0.5
1282,13,34,3,0,0.5
1283,13,35,2,1,0.5
1284,13,36,0,1,-0.5
1285,13,37,2,1,-0.5
1286,13,38,0,1,0.5
1287,13,39,1,0,0.5
1288,13,40,1,0,0.5
1289,13,41,1,0,0.5
1290,13,42,0,1,-0.5
1291,13,43,3,0,0.5
1292,13,44,1,0,-0.5
1293,13,45,3,0,-0.5
1294,13,46,2,1,0.5
1295,13,47,3,0,0.5
1296,13,48,0,0,-0.5
1297,13,49,2,1,-0.5
1298,13,50,2,1,0.5
1299,13,51,2,1,0.5
1300,13,52,1,0,0.5
1301,13,53,2,1,0.5
1302,13,54,1,0,-0.5
1303,13,55,1,0,0.5
1304,13,56,3,0,0.5
1305,13,57,1,0,0.5
1306,13,58,0,1,0.5
1307,13,59,0,1,-0.5
1308,13,60,3,0,0.5
1309,13,61,0,1,-0.5
1310,13,62,3,0,0.5
1311,13,63,3,0,-0.5
1312,13,64,1,0,0.5
1313,13,65,1,0,0.5
1314,13,66,0,1,-0.5
1315,13,67,2,1,-0.5
1316,13,68,3,0,0.5
1317,13,69,2,1,0.5
1318,13,70,1,0,0.5
1319,13,71,0,0,-0.5
1320,13,72,3,0,0.5
1321,13,73,0,0,-0.5
1322,13,74,2,1,0.5
1323,13,75,0,1,0.5
1324,13,76,1,0,-0.5
1325,13,77,2,1,0.5
1326,13,78,3,0,0.5
1327,13,79,3,0,-0.5
1328,13,80,1,0,-0.5
1329,13,81,3,0,-0.5
1330,13,82,2,1,0.5
1331,13,83,1,0,0.5
1332,13,84,1,0,0.5
1333,13,85,2,1,0.5
1334,13,86,3,0,0.5
1335,13,87,0,0,-0.5
1336,13,88,3,0,0.5
1337,13,89,0,1,0.5
1338,13,90,2,1,-0.5
1339,13,91,0,1,-0.5
1340,13,92,1,0,0.5
1341,13,93,3,0,0.5
1342,13,94,2,1,0.5
1343,13,95,0,1,-0.5
1344,14,0,2,0,-0.5
1345,14,1,1,0,0.5
1346,14,2,3,1,-0.5
1347,14,3,3,1,0.5
1348,14,4,0,0,-0.5
1349,14,5,1,0,0.5
1350,14,6,2,1,-0.5
1351,14,7,1,0,-0.5
1352,14,8,3,1,0.5
1353,14,9,0,0,0.5
1354,14,10,3,1,0.5
1355,14,11,2,1,0.5
1356,14,12,1,0,0.5
1357,14,13,0,0,-0.5
1358,14,14,2,1,0.5
1359,14,15,0,0,-0.5
1360,14,16,3,1,0.5
1361,14,17,0,1,-0.5
1362,14,18,2,0,-0.5
1363,14,19,0,0,0.5
1364,14,20,3,1,0.5
1365,14,21,3,1,0.5
1366,14,22,0,0,-0.5
1367,14,23,3,1,-0.5
1368,14,24,1,0,-0.5
1369,14,25,1,0,0.5
1370,14,26,2,1,0.5
1371,14,27,2,1,0.5
1372,14,28,1,0,0.5
1373,14,29,2,1,-0.5
1374,14,30,0,1,-0.5
1375,14,31,1,0,0.5
1376,14,32,0,1,-0.5
1377,14,33,1,0,-0.5
1378,14,34,3,1,0.5
1379,14,35,2,1,0.5
1380,14,36,1,1,-0.5
1381,14,37,2,1,0.5
1382,14,38,1,1,-0.5
1383,14,39,0,1,-0.5
1384,14,40,3,1,0.5
1385,14,41,2,1,0.5
1386,14,42,0,0,-0.5
1387,14,43,0,1,0.5
1388,14,44,1,0,0.5
1389,14,45,3,1,0.5
1390,14,46,2,1,-0.5
1391,14,47,3,1,-0.5
1392,14,48,1,0,0.5
1393,14,49,2,1,-0.5
1394,14,50,2,1,0.5
1395,14,51,2,0,-0.5
1396,14,52,1,0,0.5
1397,14,53,3,1,0.5
1398,14,54,1,0,0.5
1399,14,55,3,1,0.5
1400,14,56,1,1,0.5
1401,14,57,0,1,-0.5
1402,14,58,0,1,-0.5
1403,14,59,2,1,0.5
1404,14,60,3,1,0.5
1405,14,61,0,0,0.5
1406,14,62,3,1,-0.5
1407,14,63,0,0,-0.5
1408,14,64,3,1,0.5
1409,14,65,3,1,0.5
1410,14,66,2,1,0.5
1411,14,67,2,1,-0.5
1412,14,68,2,1,0.5
1413,14,69,1,0,-0.5
1414,14,70,0,0,-0.5
1415,14,71,0,0,-0.5
1416,14,72,2,1,0.5
1417,14,73,1,1,-0.5
1418,14,74,0,1,-0.5
1419,14,75,1,0,0.5
1420,14,76,3,1,-0.5
1421,14,77,3,1,0.5
1422,14,78,0,1,0.5
1423,14,79,1,1,-0.5
1424,14,80,1,0,0.5
1425,14,81,1,0,0.5
1426,14,82,2,1,0.5
1427,14,83,0,1,-0.5
1428,14,84,3,1,0.5
1429,14,85,0,1,-0.5
1430,14,86,2,1,0.5
1431,14,87,3,1,0.5
1432,14,88,3,1,-0.5
1433,14,89,2,0,-0.5
1434,14,90,0,1,-0.5
1435,14,91,3,1,0.5
1436,14,92,0,0,0.5
1437,14,93,1,0,0.5
1438,14,94,2,1,-0.5
1439,14,95,1,0,-0.5
1440,15,0,2,0,-0.5
1441,15,1,0,0,-0.5
1442,15,2,3,0,0.5
1443,15,3,2,0,-0.5
1444,15,4,3,0,0.5
1445,15,5,2,0,-0.5
1446,15,6,1,0,-0.5
1447,15,7,3,0,0.5
1448,15,8,2,0,-0.5
1449,15,9,0,0,-0.5
1450,15,10,3,0,-0.5
1451,15,11,1,0,-0.5
1452,15,12,1,0,0.5
1453,15,13,0,0,-0.5
1454,15,14,1,0,0.5
1455,15,15,0,1,-0.5
1456,15,16,1,0,0.5
1457,15,17,1,0,0.5
1458,15,18,2,0,-0.5
1459,15,19,0,1,-0.5
1460,15,20,3,0,-0.5
1461,15,21,0,0,-0.5
1462,15,22,0,0,0.5
1463,15,23,2,0,0.5
1464,15,24,2,0,-0.5
1465,15,25,3,0,0.5
1466,15,26,2,0,-0.5
1467,15,27,1,0,0.5
1468,15,28,1,0,-0.5
1469,15,29,3,0,0.5
1470,15,30,0,0,-0.5
1471,15,31,3,0,0.5
1472,15,32,1,0,0.5
1473,15,33,3,0,0.5
1474,15,34,0,0,-0.5
1475,15,35,2,0,0.5
1476,15,36,2,1,0.5
1477,15,37,1,0,-0.5
1478,15,38,2,0,-0.5
1479,15,39,2,0,-0.5
1480,15,40,3,0,0.5
1481,15,41,1,0,0.5
1482,15,42,0,0,-0.5
1483,15,43,0,0,-0.5
1484,15,44,1,0,0.5
1485,15,45,3,0,0.5
1486,15,46,0,0,0.5
1487,15,47,3,0,-0.5
1488,15,48,2,0,-0.5
1489,15,49,0,0,-0.5
1490,15,50,2,0,-0.5
1491,15,51,2,0,-0.5
1492,15,52,1,0,0.5
1493,15,53,1,0,0.5
1494,15,54,2,0,0.5
1495,15,55,3,0,0.5
1496,15,56,1,0,-0.5
1497,15,57,0,0,0.5
1498,15,58,3,0,-0.5
1499,15,59,3,0,0.5
1500,15,60,3,0,0.5
1501,15,61,0,0,-0.5
1502,15,62,1,1,-0.5
1503,15,63,0,0,-0.5
1504,15,64,2,1,-0.5
1505,15,65,2,0,-0.5
1506,15,66,0,0,-0.5
1507,15,67,0,0,-0.5
1508,15,68,3,0,0.5
1509,15,69,1,0,0.5
1510,15,70,2,0,-0.5
1511,15,71,1,0,-0.5
1512,15,72,3,0,0.5
1513,15,73,0,0,0.5
1514,15,74,3,0,0.5
1515,15,75,0,0,-0.5
1516,15,76,3,0,-0.5
1517,15,77,2,0,-0.5
1518,15,78,1,0,0.5
1519,15,79,1,0,0.5
1520,15,80,0,0,-0.5
1521,15,81,2,0,0.5
1522,15,82,3,0,0.5
1523,15,83,2,1,0.5
1524,15,84,3,0,0.5
1525,15,85,0,0,-0.5
1526,15,86,3,0,0.5
1527,15,87,1,0,0.5
1528,15,88,0,0,0.5
1529,15,89,1,0,-0.5
1530,15,90,1,0,0.5
1531,15,91,1,1,-0.5
1532,15,92,2,1,0.5
1533,15,93,2,0,-0.5
1534,15,94,0,0,-0.5
1535,15,95,3,0,-0.5
1536,16,0,0,0,-0.5
1537,16,1,2,1,-0.5
1538,16,2,3,0,0.5
1539,16,3,1,0,0.5
1540,16,4,2,0,-0.5
1541,16,5,3,1,0.5
1542,16,6,1,1,0.5
1543,16,7,2,1,0.5
1544,16,8,3,1,-0.5
1545,16,9,1,0,0.5
1546,16,10,1,0,0.5
1547,16,11,0,1,0.5
1548,16,12,3,1,0.5
1549,16,13,0,1,-0.5
1550,16,14,2,1,0.5
1551,16,15,0,1,-0.5
1552,16,16,3,1,0.5
1553,16,17,0,1,-0.5
1554,16,18,3,1,-0.5
1555,16,19,1,0,0.5
1556,16,20,1,0,0.5
1557,16,21,2,0,-0.5
1558,16,22,1,1,0.5
1559,16,23,2,1,-0.5
1560,16,24,0,1,0.5
1561,16,25,3,1,0.5
1562,16,26,0,0,-0.5
1563,16,27,2,0,-0.5
1564,16,28,2,1,0.5
1565,16,29,3,1,0.5
1566,16,30,0,0,-0.5
1567,16,31,1,1,-0.5
1568,16,32,2,0,-0.5
1569,16,33,2,1,0.5
1570,16,34,1,1,-0.5
1571,16,35,3,0,0.5
1572,16,36,2,1,0.5
1573,16,37,1,1,-0.5
1574,16,38,3,1,-0.5
1575,16,39,1,0,-0.5
1576,16,40,0,1,-0.5
1577,16,41,0,1,-0.5
1578,16,42,3,0,0.5
1579,16,43,1,0,0.5
1580,16,44,0,1,-0.5
1581,16,45,2,0,0.5
1582,16,46,3,1,0.5
1583,16,47,0,1,0.5
1584,16,48,1,1,0.5
1585,16,49,3,1,0.5
1586,16,50,1,1,-0.5
1587,16,51,2,0,-0.5
1588,16,52,3,1,-0.5
1589,16,53,0,1,-0.5
1590,16,54,3,1,0.5
1591,16,55,2,0,-0.5
1592,16,56,2,0,-0.5
1593,16,57,0,1,-0.5
1594,16,58,2,1,-0.5
1595,16,59,1,1,-0.5
1596,16,60,0,0,-0.5
1597,16,61,3,1,0.5
1598,16,62,0,1,0.5
1599,16,63,1,1,-0.5
1600,16,64,1,1,-0.5
1601,16,65,0,1,-0.5
1602,16,66,3,1,0.5
1603,16,67,1,0,-0.5
1604,16,68,0,1,-0.5
1605,16,69,2,0,-0.5
1606,16,70,2,1,-0.5
1607,16,71,3,1,-0.5
1608,16,72,1,0,0.5
1609,16,73,3,0,0.5
1610,16,74,3,0,0.5
1611,16,75,2,0,-0.5
1612,16,76,0,1,-0.5
1613,16,77,0,0,0.5
1614,16,78,2,0,-0.5
1615,16,79,1,1,-0.5
1616,16,80,2,0,-0.5
1617,16,81,1,1,-0.5
1618,16,82,3,1,0.5
1619,16,83,1,1,-0.5
1620,16,84,0,1,-0.5
1621,16,85,0,1,0.5
1622,16,86,3,1,0.5
1623,16,87,2,1,-0.5
1624,16,88,2,1,0.5
1625,16,89,1,1,-0.5
1626,16,90,1,0,-0.5
1627,16,91,3,1,0.5
1628,16,92,2,1,0.5
1629,16,93,3,1,-0.5
1630,16,94,0,1,-0.5
1631,16,95,0,1,-0.5
1632,17,0,1,0,0.5
1633,17,1,3,1,-0.5
1634,17,2,3,0,0.5
1635,17,3,0,0,0.5
1636,17,4,2,1,0.5
1637,17,5,0,0,-0.5
1638,17,6,0,0,-0.5
1639,17,7,1,0,-0.5
1640,17,8,1,0,0.5
1641,17,9,2,1,0.5
1642,17,10,2,1,-0.5
1643,17,11,0,0,-0.5
1644,17,12,3,0,0.5
1645,17,13,3,0,0.5
1646,17,14,2,1,0.5
1647,17,15,1,0,0.5
1648,17,16,0,1,-0.5
1649,17,17,2,1,-0.5
1650,17,18,3,0,0.5
1651,17,19,1,0,0.5
1652,17,20,3,0,0.5
1653,17,21,0,1,0.5
1654,17,22,3,0,-0.5
1655,17,23,0,1,-0.5
1656,17,24,2,1,0.5
1657,17,25,1,0,0.5
1658,17,26,1,0,0.5
1659,17,27,0,1,-0.5
1660,17,28,2,1,0.5
1661,17,29,3,0,0.5
1662,17,30,1,0,-0.5
1663,17,31,2,1,0.5
1664,17,32,0,1,-0.5
1665,17,33,3,0,-0.5
1666,17,34,2,1,0.5
1667,17,35,3,0,0.5
1668,17,36,1,0,0.5
1669,17,37,1,0,-0.5
1670,17,38,0,0,-0.5
1671,17,39,3,0,0.5
1672,17,40,3,0,0.5
1673,17,41,2,1,0.5
1674,17,42,1,0,0.5
1675,17,43,0,0,0.5
1676,17,44,0,0,-0.5
1677,17,45,1,0,0.5
1678,17,46,2,1,-0.5
1679,17,47,2,1,0.5
1680,17,48,3,0,0.5
1681,17,49,1,0,0.5
1682,17,50,3,0,0.5
1683,17,51,1,0,0.5
1684,17,52,1,0,0.5
1685,17,53,2,1,-0.5
1686,17,54,2,1,0.5
1687,17,55,3,0,0.5
1688,17,56,0,1,-0.5
1689,17,57,2,1,0.5
1690,17,58,0,0,-0.5
1691,17,59,0,0,-0.5
1692,17,60,1,0,-0.5
1693,17,61,0,1,0.5
1694,17,62,2,1,0.5
1695,17,63,3,0,-0.5
1696,17,64,3,0,0.5
1697,17,65,1,0,0.5
1698,17,66,0,1,0.5
1699,17,67,2,1,0.5
1700,17,68,0,1,-0.5
1701,17,69,1,0,0.5
1702,17,70,3,0,0.5
1703,17,71,2,1,0.5
1704,17,72,1,0,0.5
1705,17,73,0,1,-0.5
1706,17,74,1,0,-0.5
1707,17,75,3,0,-0.5
1708,17,76,2,1,0.5
1709,17,77,3,0,0.5
1710,17,78,2,1,-0.5
1711,17,79,0,1,-0.5
1712,17,80,1,0,0.5
1713,17,81,1,0,0.5
1714,17,82,3,0,0.5
1715,17,83,2,1,0.5
1716,17,84,1,0,0.5
1717,17,85,2,1,0.5
1718,17,86,3,0,0.5
1719,17,87,0,1,-0.5
1720,17,88,0,1,-0.5
1721,17,89,1,0,-0.5
1722,17,90,2,1,0.5
1723,17,91,3,0,-0.5
1724,17,92,0,1,-0.5
1725,17,93,2,1,-0.5
1726,17,94,3,0,0.5
1727,17,95,0,1,0.5
1728,18,0,1,0,0.5
1729,18,1,3,0,0.5
1730,18,2,1,0,-0.5
1731,18,3,3,0,-0.5
1732,18,4,2,0,-0.5
1733,18,5,0,0,0.5
1734,18,6,0,0,-0.5
1735,18,7,1,0,0.5
1736,18,8,2,1,-0.5
1737,18,9,2,0,-0.5
1738,18,10,2,0,-0.5
1739,18,11,0,0,-0.5
1740,18,12,3,0,0.5
1741,18,13,0,1,-0.5
1742,18,14,1,0,0.5
1743,18,15,3,0,0.5
1744,18,16,3,0,0.5
1745,18,17,0,0,-0.5
1746,18,18,3,0,0.5
1747,18,19,1,0,0.5
1748,18,20,2,1,0.5
1749,18,21,1,0,0.5
1750,18,22,2,1,-0.5
1751,18,23,1,0,0.5
1752,18,24,1,0,-0.5
1753,18,25,2,1,0.5
1754,18,26,3,0,-0.5
1755,18,27,2,1,0.5
1756,18,28,3,0,0.5
1757,18,29,0,0,0.5
1758,18,30,0,0,-0.5
1759,18,31,0,0,-0.5
1760,18,32,2,1,-0.5
1761,18,33,0,1,-0.5
1762,18,34,1,0,0.5
1763,18,35,3,0,0.5
1764,18,36,1,0,0.5
1765,18,37,3,0,-0.5
1766,18,38,0,1,-0.5
1767,18,39,2,1,0.5
1768,18,40,2,1,0.5
1769,18,41,0,1,0.5
1770,18,42,2,1,0.5
1771,18,43,0,1,-0.5
1772,18,44,1,0,0.5
1773,18,45,3,0,0.5
1774,18,46,3,0,0.5
1775,18,47,1,0,-0.5
1776,18,48,3,0,0.5
1777,18,49,1,0,0.5
1778,18,50,1,0,0.5
1779,18,51,2,1,0.5
1780,18,52,1,0,-0.5
1781,18,53,0,1,-0.5
1782,18,54,3,0,0.5
1783,18,55,2,1,0.5
1784,18,56,0,0,0.5
1785,18,57,2,1,-0.5
1786,18,58,2,1,0.5
1787,18,59,3,0,-0.5
1788,18,60,1,0,0.5
1789,18,61,0,0,-0.5
1790,18,62,0,0,-0.5
1791,18,63,3,0,0.5
1792,18,64,2,1,0.5
1793,18,65,1,0,0.5
1794,18,66,0,0,-0.5
1795,18,67,2,1,0.5
1796,18,68,3,0,-0.5
1797,18,69,2,1,0.5
1798,18,70,3,0,0.5
1799,18,71,3,0,0.5
1800,18,72,0,1,-0.5
1801,18,73,1,0,0.5
1802,18,74,0,1,-0.5
1803,18,75,3,0,0.5
1804,18,76,0,0,0.5
1805,18,77,2,1,-0.5
1806,18,78,1,0,-0.5
1807,18,79,1,0,0.5
1808,18,80,3,0,-0.5
1809,18,81,0,0,-0.5
1810,18,82,3,0,0.5
1811,18,83,2,1,-0.5
1812,18,84,1,0,0.5
1813,18,85,0,0,0.5
1814,18,86,1,0,0.5
1815,18,87,2,1,0.5
1816,18,88,2,1,0.5
1817,18,89,2,1,0.5
1818,18,90,1,0,-0.5
1819,18,91,0,0,-0.5
1820,18,92,3,0,0.5
1821,18,93,3,0,0.5
1822,18,94,1,0,0.5
1823,18,95,0,0,-0.5
1824,19,0,0,1,0.5
1825,19,1,1,1,-0.5
1826,19,2,2,1,0.5
1827,19,3,3,1,0.5
1828,19,4,1,1,0.5
1829,19,5,1,1,-0.5
1830,19,6,2,1,-0.5
1831,19,7,3,1,0.5
1832,19,8,0,1,-0.5
1833,19,9,2,0,-0.5
1834,19,10,2,1,0.5
1835,19,11,3,1,-0.5
1836,19,12,1,0,0.5
1837,19,13,0,0,-0.5
1838,19,14,3,1,0.5
1839,19,15,0,1,-0.5
1840,19,16,2,0,-0.5
1841,19,17,0,1,-0.5
1842,19,18,0,0,-0.5
1843,19,19,3,1,0.5
1844,19,20,1,1,0.5
1845,19,21,3,1,0.5
1846,19,22,3,1,-0.5
1847,19,23,2,0,-0.5
1848,19,24,3,1,0.5
1849,19,25,1,1,-0.5
1850,19,26,2,1,0.5
1851,19,27,0,1,0.5
1852,19,28,0,0,-0.5
1853,19,29,2,1,-0.5
1854,19,30,1,1,-0.5
1855,19,31,1,1,-0.5
1856,19,32,2,1,-0.5
1857,19,33,2,1,0.5
1858,19,34,1,1,-0.5
1859,19,35,0,1,-0.5
1860,19,36,2,1,0.5
1861,19,37,1,1,-0.5
1862,19,38,3,1,0.5
1863,19,39,3,1,-0.5
1864,19,40,0,1,0.5
1865,19,41,3,1,0.5
1866,19,42,3,1,0.5
1867,19,43,1,1,0.5
1868,19,44,1,1,-0.5
1869,19,45,0,0,-0.5
1870,19,46,0,1,-0.5
1871,19,47,2,1,0.5
1872,19,48,3,1,0.5
1873,19,49,1,1,-0.5
1874,19,50,3,1,0.5
1875,19,51,0,1,-0.5
1876,19,52,1,1,-0.5
1877,19,53,1,0,0.5
1878,19,54,2,1,0.5
1879,19,55,0,1,-0.5
1880,19,56,2,1,0.5
1881,19,57,2,1,0.5
1882,19,58,0,1,-0.5
1883,19,59,0,1,0.5
1884,19,60,3,1,-0.5
1885,19,61,3,0,0.5
1886,19,62,1,0,-0.5
1887,19,63,2,1,-0.5
1888,19,64,1,1,0.5
1889,19,65,2,1,0.5
1890,19,66,2,1,-0.5
1891,19,67,2,1,0.5
1892,19,68,2,1,0.5
1893,19,69,3,0,0.5
1894,19,70,1,1,-0.5
1895,19,71,1,0,0.5
1896,19,72,3,1,-0.5
1897,19,73,0,1,0.5
1898,19,74,0,1,-0.5
1899,19,75,1,0,0.5
1900,19,76,3,1,0.5
1901,19,77,0,1,-0.5
1902,19,78,3,1,0.5
1903,19,79,0,1,-0.5
1904,19,80,3,1,-0.5
1905,19,81,1,0,0.5
1906,19,82,0,1,-0.5
1907,19,83,1,0,0.5
1908,19,84,3,1,0.5
1909,19,85,2,1,0.5
1910,19,86,1,0,-0.5
1911,19,87,1,0,0.5
1912,19,88,0,0,-0.5
1913,19,89,2,1,0.5
1914,19,90,0,1,-0.5
1915,19,91,3,1,0.5
1916,19,92,2,1,0.5
1917,19,93,3,1,0.5
1918,19,94,2,1,-0.5
1919,19,95,0,0,0.5
1920,20,0,1,0,0.5
1921,20,1,2,0,0.5
1922,20,2,3,1,-0.5
1923,20,3,1,0,0.5
1924,20,4,3,0,0.5
1925,20,5,2,0,-0.5
1926,20,6,0,1,-0.5
1927,20,7,2,0,-0.5
1928,20,8,1,0,-0.5
1929,20,9,3,0,0.5
1930,20,10,0,0,-0.5
1931,20,11,0,0,-0.5
1932,20,12,1,0,0.5
1933,20,13,0,0,0.5
1934,20,14,2,1,0.5
1935,20,15,3,0,0.5
1936,20,16,3,0,-0.5
1937,20,17,0,0,-0.5
1938,20,18,3,0,0.5
1939,20,19,3,1,0.5
1940,20,20,1,0,0.5
1941,20,21,2,1,0.5
1942,20,22,2,1,0.5
1943,20,23,0,0,-0.5
1944,20,24,1,0,0.5
1945,20,25,3,0,0.5
1946,20,26,1,0,-0.5
1947,20,27,2,1,-0.5
1948,20,28,0,0,0.5
1949,20,29,2,1,0.5
1950,20,30,0,0,-0.5
1951,20,31,1,0,0.5
1952,20,32,0,0,-0.5
1953,20,33,1,0,-0.5
1954,20,34,1,0,0.5
1955,20,35,3,0,0.5
1956,20,36,2,1,0.5
1957,20,37,3,0,-0.5
1958,20,38,0,0,-0.5
1959,20,39,0,0,0.5
1960,20,40,2,1,0.5
1961,20,41,3,0,0.5
1962,20,42,1,0,0.5
1963,20,43,2,1,-0.5
1964,20,44,1,0,0.5
1965,20,45,2,1,0.5
1966,20,46,3,0,0.5
1967,20,47,0,0,-0.5
1968,20,48,1,0,0.5
1969,20,49,0,1,-0.5
1970,20,50,2,1,0.5
1971,20,51,3,0,0.5
1972,20,52,1,0,0.5
1973,20,53,0,0,0.5
1974,20,54,0,1,-0.5
1975,20,55,1,0,0.5
1976,20,56,3,0,0.5
1977,20,57,2,1,0.5
1978,20,58,2,1,0.5
1979,20,59,1,0,-0.5
1980,20,60,3,0,-0.5
1981,20,61,3,0,0.5
1982,20,62,2,1,-0.5
1983,20,63,0,0,-0.5
1984,20,64,2,1,0.5
1985,20,65,3,0,-0.5
1986,20,66,2,1,0.5
1987,20,67,3,0,0.5
1988,20,68,0,1,-0.5
1989,20,69,0,0,-0.5
1990,20,70,2,1,0.5
1991,20,71,3,0,0.5
1992,20,72,0,0,-0.5
1993,20,73,3,0,0.5
1994,20,74,1,0,0.5
1995,20,75,2,1,-0.5
1996,20,76,0,0,0.5
1997,20,77,1,0,-0.5
1998,20,78,1,0,0.5
1999,20,79,1,0,0.5
2000,20,80,0,0,0.5
2001,20,81,2,1,0.5
2002,20,82,0,0,-0.5
2003,20,83,1,0,0.5
2004,20,84,2,1,0.5
2005,20,85,3,0,0.5
2006,20,86,2,1,-0.5
2007,20,87,2,1,0.5
2008,20,88,3,0,0.5
2009,20,89,0,0,-0.5
2010,20,90,3,0,-0.5
2011,20,91,0,0,-0.5
2012,20,92,1,0,0.5
2013,20,93,1,0,-0.5
2014,20,94,1,0,0.5
2015,20,95,3,0,0.5
2016,21,0,1,1,0.5
2017,21,1,3,0,-0.5
2018,21,2,2,0,-0.5
2019,21,3,3,1,0.5
2020,21,4,0,0,0.5
2021,21,5,1,1,-0.5
2022,21,6,1,0,0.5
2023,21,7,0,1,-0.5
2024,21,8,0,0,-0.5
2025,21,9,3,1,0.5
2026,21,10,3,1,0.5
2027,21,11,2,0,0.5
2028,21,12,1,0,0.5
2029,21,13,2,1,0.5
2030,21,14,0,1,-0.5
2031,21,15,2,1,0.5
2032,21,16,1,0,-0.5
2033,21,17,3,1,0.5
2034,21,18,1,1,-0.5
2035,21,19,0,1,-0.5
2036,21,20,2,1,0.5
2037,21,21,3,1,-0.5
2038,21,22,0,0,-0.5
2039,21,23,1,1,-0.5
2040,21,24,1,1,-0.5
2041,21,25,0,0,0.5
2042,21,26,2,1,0.5
2043,21,27,2,1,-0.5
2044,21,28,0,1,-0.5
2045,21,29,3,1,0.5
2046,21,30,2,0,-0.5
2047,21,31,3,1,0.5
2048,21,32,3,1,0.5
2049,21,33,1,1,-0.5
2050,21,34,2,0,-0.5
2051,21,35,0,0,0.5
2052,21,36,3,1,0.5
2053,21,37,0,0,-0.5
2054,21,38,3,1,0.5
2055,21,39,0,0,-0.5
2056,21,40,0,0,-0.5
2057,21,41,2,1,-0.5
2058,21,42,2,1,0.5
2059,21,43,1,1,0.5
2060,21,44,1,1,-0.5
2061,21,45,2,1,0.5
2062,21,46,1,0,0.5
2063,21,47,3,1,-0.5
2064,21,48,2,1,0.5
2065,21,49,1,1,0.5
2066,21,50,3,1,-0.5
2067,21,51,2,1,0.5
2068,21,52,1,1,-0.5
2069,21,53,3,0,-0.5
2070,21,54,2,1,0.5
2071,21,55,0,1,-0.5
2072,21,56,3,1,0.5
2073,21,57,1,1,-0.5
2074,21,58,3,1,0.5
2075,21,59,0,0,0.5
2076,21,60,1,1,-0.5
2077,21,61,0,0,-0.5
2078,21,62,2,1,-0.5
2079,21,63,0,0,-0.5
2080,21,64,2,1,0.5
2081,21,65,3,1,0.5
2082,21,66,1,1,-0.5
2083,21,67,2,1,0.5
2084,21,68,2,1,0.5
2085,21,69,0,0,-0.5
2086,21,70,0,0,-0.5
2087,21,71,3,1,-0.5
2088,21,72,1,1,0.5
2089,21,73,1,1,-0.5
2090,21,74,1,0,0.5
2091,21,75,2,0,0.5
2092,21,76,3,1,0.5
2093,21,77,0,0,0.5
2094,21,78,0,0,-0.5
2095,21,79,3,1,0.5
2096,21,80,1,1,-0.5
2097,21,81,2,1,0.5
2098,21,82,3,1,0.5
2099,21,83,0,1,-0.5
2100,21,84,2,1,0.5
2101,21,85,1,1,-0.5
2102,21,86,2,1,0.5
2103,21,87,1,0,-0.5
2104,21,88,0,1,-0.5
2105,21,89,0,0,-0.5
2106,21,90,2,1,-0.5
2107,21,91,0,0,0.5
2108,21,92,3,1,0.5
2109,21,93,1,1,-0.5
2110,21,94,3,1,-0.5
2111,21,95,3,1,0.5
2112,22,0,0,0,-0.5
2113,22,1,0,0,-0.5
2114,22,2,3,1,-0.5
2115,22,3,2,0,-0.5
2116,22,4,1,1,-0.5
2117,22,5,2,1,0.5
2118,22,6,0,1,0.5
2119,22,7,0,1,-0.5
2120,22,8,3,1,0.5
2121,22,9,2,1,0.5
2122,22,10,1,0,0.5
2123,22,11,3,1,0.5
2124,22,12,3,1,0.5
2125,22,13,2,1,-0.5
2126,22,14,1,0,0.5
2127,22,15,1,0,-0.5
2128,22,16,0,0,-0.5
2129,22,17,2,1,0.5
2130,22,18,2,1,0.5
2131,22,19,3,1,-0.5
2132,22,20,0,1,0.5
2133,22,21,3,1,0.5
2134,22,22,1,0,0.5
2135,22,23,2,1,-0.5
2136,22,24,1,0,-0.5
2137,22,25,2,1,0.5
2138,22,26,3,1,0.5
2139,22,27,1,0,0.5
2140,22,28,0,1,-0.5
2141,22,29,0,1,-0.5
2142,22,30,3,1,0.5
2143,22,31,1,0,0.5
2144,22,32,0,0,-0.5
2145,22,33,1,0,-0.5
2146,22,34,0,1,-0.5
2147,22,35,2,1,0.5
2148,22,36,1,0,0.5
2149,22,37,0,1,-0.5
2150,22,38,3,1,0.5
2151,22,39,2,0,-0.5
2152,22,40,3,0,-0.5
2153,22,41,2,1,-0.5
2154,22,42,0,1,-0.5
2155,22,43,1,0,0.5
2156,22,44,3,1,0.5
2157,22,45,3,0,-0.5
2158,22,46,2,1,0.5
2159,22,47,1,0,0.5
2160,22,48,0,1,-0.5
2161,22,49,3,1,0.5
2162,22,50,1,0,-0.5
2163,22,51,3,1,0.5
2164,22,52,0,1,-0.5
2165,22,53,2,1,-0.5
2166,22,54,2,1,0.5
2167,22,55,1,0,0.5
2168,22,56,1,0,-0.5
2169,22,57,0,1,-0.5
2170,22,58,2,1,0.5
2171,22,59,3,1,-0.5
2172,22,60,0,1,0.5
2173,22,61,1,0,0.5
2174,22,62,3,1,0.5
2175,22,63,2,1,0.5
2176,22,64,1,0,0.5
2177,22,65,1,0,0.5
2178,22,66,2,1,0.5
2179,22,67,2,1,0.5
2180,22,68,1,0,0.5
2181,22,69,3,1,0.5
2182,22,70,0,1,-0.5
2183,22,71,2,1,-0.5
2184,22,72,2,1,0.5
2185,22,73,3,1,0.5
2186,22,74,3,1,0.5
2187,22,75,0,1,-0.5
2188,22,76,3,1,-0.5
2189,22,77,1,0,-0.5
2190,22,78,0,1,-0.5
2191,22,79,0,1,0.5
2192,22,80,3,1,0.5
2193,22,81,1,0,0.5
2194,22,82,3,1,-0.5
2195,22,83,2,1,0.5
2196,22,84,3,1,0.5
2197,22,85,1,0,0.5
2198,22,86,3,1,0.5
2199,22,87,0,1,-0.5
2200,22,88,2,1,-0.5
2201,22,89,1,0,-0.5
2202,22,90,0,1,0.5
2203,22,91,2,1,0.5
2204,22,92,0,1,-0.5
2205,22,93,2,1,0.5
2206,22,94,1,0,0.5
2207,22,95,0,1,-0.5
2208,23,0,0,0,-0.5
2209,23,1,3,0,0.5
2210,23,2,0,0,-0.5
2211,23,3,3,0,0.5
2212,23,4,2,0,-0.5
2213,23,5,3,0,-0.5
2214,23,6,1,1,0.5
2215,23,7,2,1,0.5
2216,23,8,3,0,0.5
2217,23,9,2,1,0.5
2218,23,10,0,1,-0.5
2219,23,11,1,1,-0.5
2220,23,12,1,0,0.5
2221,23,13,2,1,-0.5
2222,23,14,1,0,0.5
2223,23,15,0,1,0.5
2224,23,16,3,0,0.5
2225,23,17,1,0,0.5
2226,23,18,2,0,-0.5
2227,23,19,3,0,-0.5
2228,23,20,0,1,-0.5
2229,23,21,1,0,-0.5
2230,23,22,1,0,0.5
2231,23,23,3,0,0.5
2232,23,24,2,0,-0.5
2233,23,25,0,0,-0.5
2234,23,26,1,0,0.5
2235,23,27,2,1,0.5
2236,23,28,0,0,-0.5
2237,23,29,2,1,-0.5
2238,23,30,0,1,0.5
2239,23,31,3,0,0.5
2240,23,32,1,0,0.5
2241,23,33,0,1,0.5
2242,23,34,3,0,0.5
2243,23,35,0,1,-0.5
2244,23,36,1,0,-0.5
2245,23,37,1,0,0.5
2246,23,38,3,0,0.5
2247,23,39,1,0,0.5
2248,23,40,0,1,-0.5
2249,23,41,0,1,-0.5
2250,23,42,3,0,0.5
2251,23,43,2,1,0.5
2252,23,44,2,1,0.5
2253,23,45,2,1,0.5
2254,23,46,3,0,-0.5
2255,23,47,2,1,-0.5
2256,23,48,2,1,-0.5
2257,23,49,3,0,-0.5
2258,23,50,1,0,0.5
2259,23,51,1,0,-0.5
2260,23,52,0,0,-0.5
2261,23,53,1,0,0.5
2262,23,54,3,0,0.5
2263,23,55,3,0,0.5
2264,23,56,0,0,0.5
2265,23,57,0,0,-0.5
2266,23,58,2,1,0.5
2267,23,59,0,0,-0.5
2268,23,60,2,1,0.5
2269,23,61,2,1,0.5
2270,23,62,3,0,0.5
2271,23,63,1,0,0.5
2272,23,64,0,0,-0.5
2273,23,65,2,1,0.5
2274,23,66,1,0,0.5
2275,23,67,3,0,0.5
2276,23,68,1,0,-0.5
2277,23,69,2,1,0.5
2278,23,70,3,0,-0.5
2279,23,71,3,0,0.5
2280,23,72,3,0,0.5
2281,23,73,2,1,-0.5
2282,23,74,1,0,0.5
2283,23,75,0,1,0.5
2284,23,76,1,0,0.5
2285,23,77,0,1,-0.5
2286,23,78,2,1,0.5
2287,23,79,0,1,-0.5
2288,23,80,1,0,0.5
2289,23,81,1,0,-0.5
2290,23,82,3,0,-0.5
2291,23,83,3,0,0.5
2292,23,84,0,1,0.5
2293,23,85,2,1,-0.5
2294,23,86,2,1,0.5
2295,23,87,0,1,-0.5
2296,23,88,2,1,0.5
2297,23,89,2,1,0.5
2298,23,90,1,0,0.5
2299,23,91,3,0,0.5
2300,23,92,0,0,-0.5
2301,23,93,0,1,-0.5
2302,23,94,3,0,0.5
2303,23,95,1,0,0.5
2304,24,0,3,0,0.5
2305,24,1,1,1,-0.5
2306,24,2,1,0,-0.5
2307,24,3,0,0,-0.5
2308,24,4,2,1,0.5
2309,24,5,1,1,-0.5
2310,24,6,0,0,-0.5
2311,24,7,0,1,-0.5
2312,24,8,3,1,-0.5
2313,24,9,2,0,-0.5
2314,24,10,3,0,0.5
2315,24,11,3,0,0.5
2316,24,12,2,0,-0.5
2317,24,13,2,1,-0.5
2318,24,14,1,0,0.5
2319,24,15,0,1,0.5
2320,24,16,1,0,-0.5
2321,24,17,2,0,-0.5
2322,24,18,0,1,-0.5
2323,24,19,1,0,0.5
2324,24,20,3,0,-0.5
2325,24,21,2,0,-0.5
2326,24,22,0,1,-0.5
2327,24,23,3,0,0.5
2328,24,24,1,0,0.5
2329,24,25,0,0,-0.5
2330,24,26,3,0,0.5
2331,24,27,2,0,-0.5
2332,24,28,3,0,0.5
2333,24,29,0,0,-0.5
2334,24,30,2,0,0.5
2335,24,31,1,0,0.5
2336,24,32,3,0,0.5
2337,24,33,1,0,0.5
2338,24,34,3,0,-0.5
2339,24,35,2,0,-0.5
2340,24,36,3,0,0.5
2341,24,37,3,0,0.5
2342,24,38,2,0,0.5
2343,24,39,2,0,-0.5
2344,24,40,0,0,0.5
2345,24,41,0,0,-0.5
2346,24,42,1,0,0.5
2347,24,43,0,0,-0.5
2348,24,44,1,0,-0.5
2349,24,45,2,0,-0.5
2350,24,46,1,0,0.5
2351,24,47,0,0,-0.5
2352,24,48,0,1,-0.5
2353,24,49,3,0,-0.5
2354,24,50,3,0,0.5
2355,24,51,2,0,-0.5
2356,24,52,2,0,-0.5
2357,24,53,1,0,0.5
2358,24,54,0,0,0.5
2359,24,55,2,0,0.5
2360,24,56,1,0,0.5
2361,24,57,1,0,0.5
2362,24,58,1,0,-0.5
2363,24,59,2,0,-0.5
2364,24,60,3,0,0.5
2365,24,61,0,0,-0.5
2366,24,62,0,0,-0.5
2367,24,63,3,0,0.5
2368,24,64,3,0,0.5
2369,24,65,1,0,-0.5
2370,24,66,0,1,0.5
2371,24,67,1,0,0.5
2372,24,68,3,0,0.5
2373,24,69,1,0,0.5
2374,24,70,2,0,-0.5
2375,24,71,3,1,-0.5
2376,24,72,0,1,-0.5
2377,24,73,1,0,0.5
2378,24,74,2,0,-0.5
2379,24,75,2,0,0.5
2380,24,76,0,0,-0.5
2381,24,77,2,0,-0.5
2382,24,78,3,0,0.5
2383,24,79,0,0,-0.5
2384,24,80,3,0,-0.5
2385,24,81,0,0,0.5
2386,24,82,1,0,0.5
2387,24,83,1,0,0.5
2388,24,84,2,0,-0.5
2389,24,85,2,0,0.5
2390,24,86,0,0,-0.5
2391,24,87,3,0,0.5
2392,24,88,0,1,-0.5
2393,24,89,1,0,-0.5
2394,24,90,3,0,0.5
2395,24,91,2,0,-0.5
2396,24,92,2,0,-0.5
2397,24,93,1,0,0.5
2398,24,94,3,0,0.5
2399,24,95,0,1,-0.5
2400,25,0,1,0,0.5
2401,25,1,0,1,-0.5
2402,25,2,3,1,0.5
2403,25,3,2,1,0.5
2404,25,4,3,1,-0.5
2405,25,5,1,1,0.5
2406,25,6,2,1,0.5
2407,25,7,1,1,-0.5
2408,25,8,3,1,0.5
2409,25,9,3,1,0.5
2410,25,10,2,1,-0.5
2411,25,11,2,1,0.5
2412,25,12,0,0,0.5
2413,25,13,0,0,-0.5
2414,25,14,0,0,-0.5
2415,25,15,1,0,0.5
2416,25,16,3,1,0.5
2417,25,17,2,1,0.5
2418,25,18,3,1,-0.5
2419,25,19,3,1,0.5
2420,25,20,2,1,0.5
2421,25,21,1,0,0.5
2422,25,22,0,1,-0.5
2423,25,23,1,0,0.5
2424,25,24,2,1,-0.5
2425,25,25,1,0,0.5
2426,25,26,1,0,-0.5
2427,25,27,2,1,0.5
2428,25,28,0,1,-0.5
2429,25,29,3,1,0.5
2430,25,30,0,1,-0.5
2431,25,31,0,1,0.5
2432,25,32,3,1,-0.5
2433,25,33,3,1,0.5
2434,25,34,0,0,-0.5
2435,25,35,0,0,-0.5
2436,25,36,2,1,0.5
2437,25,37,0,0,0.5
2438,25,38,1,0,-0.5
2439,25,39,3,1,0.5
2440,25,40,3,1,0.5
2441,25,41,1,0,0.5
2442,25,42,0,0,-0.5
2443,25,43,2,1,-0.5
2444,25,44,2,1,0.5
2445,25,45,1,0,0.5
2446,25,46,1,0,0.5
2447,25,47,2,1,0.5
2448,25,48,1,1,-0.5
2449,25,49,2,1,-0.5
2450,25,50,2,1,0.5
2451,25,51,0,0,-0.5
2452,25,52,1,0,0.5
2453,25,53,2,1,0.5
2454,25,54,3,1,-0.5
2455,25,55,3,1,0.5
2456,25,56,0,1,0.5
2457,25,57,1,0,-0.5
2458,25,58,3,1,0.5
2459,25,59,2,1,0.5
2460,25,60,3,1,0.5
2461,25,61,0,0,-0.5
2462,25,62,1,0,0.5
2463,25,63,0,0,-0.5
2464,25,64,1,0,0.5
2465,25,65,1,0,0.5
2466,25,66,2,0,-0.5
2467,25,67,3,1,0.5
2468,25,68,0,0,-0.5
2469,25,69,2,1,0.5
2470,25,70,3,1,0.5
2471,25,71,0,1,0.5
2472,25,72,2,1,-0.5
2473,25,73,0,0,-0.5
2474,25,74,2,1,0.5
2475,25,75,0,1,-0.5
2476,25,76,3,1,-0.5
2477,25,77,1,0,-0.5
2478,25,78,3,1,0.5
2479,25,79,1,0,0.5
2480,25,80,0,1,-0.5
2481,25,81,2,1,0.5
2482,25,82,3,1,-0.5
2483,25,83,1,0,0.5
2484,25,84,1,0,0.5
2485,25,85,1,0,0.5
2486,25,86,0,1,0.5
2487,25,87,0,1,-0.5
2488,25,88,3,1,0.5
2489,25,89,2,1,-0.5
2490,25,90,3,1,0.5
2491,25,91,2,1,0.5
2492,25,92,0,1,-0.5
2493,25,93,1,0,-0.5
2494,25,94,2,1,0.5
2495,25,95,3,1,0.5
2496,26,0,2,1,-0.5
2497,26,1,0,0,0.5
2498,26,2,0,0,-0.5
2499,26,3,3,0,-0.5
2500,26,4,1,1,0.5
2501,26,5,2,0,-0.5
2502,26,6,1,1,-0.5
2503,26,7,1,0,0.5
2504,26,8,2,1,0.5
2505,26,9,0,0,-0.5
2506,26,10,3,1,0.5
2507,26,11,3,1,0.5
2508,26,12,3,1,0.5
2509,26,13,2,0,-0.5
2510,26,14,1,0,-0.5
2511,26,15,0,1,-0.5
2512,26,16,0,0,0.5
2513,26,17,3,1,0.5
2514,26,18,1,0,0.5
2515,26,19,1,0,0.5
2516,26,20,2,1,0.5
2517,26,21,2,1,0.5
2518,26,22,1,0,-0.5
2519,26,23,1,1,-0.5
2520,26,24,2,1,0.5
2521,26,25,0,0,-0.5
2522,26,26,3,0,0.5
2523,26,27,0,1,-0.5
2524,26,28,0,0,-0.5
2525,26,29,3,1,-0.5
2526,26,30,2,1,-0.5
2527,26,31,3,1,0.5
2528,26,32,1,0,0.5
2529,26,33,1,0,-0.5
2530,26,34,0,1,-0.5
2531,26,35,1,0,0.5
2532,26,36,0,0,0.5
2533,26,37,0,0,-0.5
2534,26,38,3,1,0.5
2535,26,39,2,1,0.5
2536,26,40,3,1,0.5
2537,26,41,2,0,0.5
2538,26,42,2,1,0.5
2539,26,43,1,0,0.5
2540,26,44,3,1,0.5
2541,26,45,2,1,0.5
2542,26,46,3,0,-0.5
2543,26,47,0,1,-0.5
2544,26,48,0,0,-0.5
2545,26,49,2,1,0.5
2546,26,50,0,1,0.5
2547,26,51,3,1,0.5
2548,26,52,2,1,0.5
2549,26,53,1,1,-0.5
2550,26,54,0,1,-0.5
2551,26,55,3,1,0.5
2552,26,56,2,1,0.5
2553,26,57,1,0,-0.5
2554,26,58,2,1,-0.5
2555,26,59,3,1,0.5
2556,26,60,1,1,-0.5
2557,26,61,0,0,-0.5
2558,26,62,3,1,-0.5
2559,26,63,1,1,-0.5
2560,26,64,2,1,0.5
2561,26,65,1,0,-0.5
2562,26,66,0,0,-0.5
2563,26,67,3,1,-0.5
2564,26,68,2,0,-0.5
2565,26,69,1,0,0.5
2566,26,70,0,0,-0.5
2567,26,71,0,0,-0.5
2568,26,72,2,1,-0.5
2569,26,73,3,0,0.5
2570,26,74,3,0,0.5
2571,26,75,0,1,0.5
2572,26,76,3,1,0.5
2573,26,77,1,0,0.5
2574,26,78,1,0,0.5
2575,26,79,2,0,-0.5
2576,26,80,3,1,0.5
2577,26,81,0,0,-0.5
2578,26,82,3,1,0.5
2579,26,83,1,0,0.5
2580,26,84,1,0,0.5
2581,26,85,0,1,-0.5
2582,26,86,0,1,0.5
2583,26,87,1,0,-0.5
2584,26,88,2,1,-0.5
2585,26,89,1,0,0.5
2586,26,90,0,0,-0.5
2587,26,91,2,1,0.5
2588,26,92,3,1,-0.5
2589,26,93,3,1,0.5
2590,26,94,2,1,0.5
2591,26,95,2,1,0.5
2592,27,0,3,0,0.5
2593,27,1,3,0,-0.5
2594,27,2,1,1,-0.5
2595,27,3,2,1,0.5
2596,27,4,2,1,0.5
2597,27,5,0,1,-0.5
2598,27,6,3,0,0.5
2599,27,7,3,0,0.5
2600,27,8,1,1,0.5
2601,27,9,0,1,-0.5
2602,27,10,0,0,0.5
2603,27,11,0,0,-0.5
2604,27,12,1,1,-0.5
2605,27,13,1,0,0.5
2606,27,14,2,1,-0.5
2607,27,15,2,1,0.5
2608,27,16,0,0,-0.5
2609,27,17,0,0,0.5
2610,27,18,2,1,0.5
2611,27,19,3,0,0.5
2612,27,20,2,1,-0.5
2613,27,21,1,0,0.5
2614,27,22,1,0,0.5
2615,27,23,2,1,0.5
2616,27,24,3,0,-0.5
2617,27,25,0,0,-0.5
2618,27,26,1,1,-0.5
2619,27,27,2,0,-0.5
2620,27,28,1,1,0.5
2621,27,29,0,1,-0.5
2622,27,30,3,0,0.5
2623,27,31,3,0,0.5
2624,27,32,3,1,-0.5
2625,27,33,3,0,0.5
2626,27,34,0,0,-0.5
2627,27,35,0,1,-0.5
2628,27,36,0,1,0.5
2629,27,37,2,1,0.5
2630,27,38,1,1,-0.5
2631,27,39,2,1,0.5
2632,27,40,3,0,0.5
2633,27,41,2,0,-0.5
2634,27,42,0,1,-0.5
2635,27,43,2,1,-0.5
2636,27,44,1,0,-0.5
2637,27,45,1,0,0.5
2638,27,46,3,0,0.5
2639,27,47,1,1,-0.5
2640,27,48,3,0,0.5
2641,27,49,0,1,-0.5
2642,27,50,2,1,0.5
2643,27,51,1,0,0.5
2644,27,52,1,0,0.5
2645,27,53,1,0,0.5
2646,27,54,3,0,0.5
2647,27,55,0,0,-0.5
2648,27,56,2,1,0.5
2649,27,57,0,1,-0.5
2650,27,58,2,0,-0.5
2651,27,59,0,0,0.5
2652,27,60,2,1,-0.5
2653,27,61,1,0,-0.5
2654,27,62,3,0,0.5
2655,27,63,3,0,-0.5
2656,27,64,2,1,0.5
2657,27,65,0,1,-0.5
2658,27,66,3,0,0.5
2659,27,67,2,1,-0.5
2660,27,68,1,0,0.5
2661,27,69,3,0,-0.5
2662,27,70,2,1,0.5
2663,27,71,0,0,-0.5
2664,27,72,1,0,-0.5
2665,27,73,3,0,0.5
2666,27,74,2,1,0.5
2667,27,75,1,0,0.5
2668,27,76,1,1,-0.5
2669,27,77,0,1,-0.5
2670,27,78,0,0,0.5
2671,27,79,3,0,0.5
2672,27,80,0,0,-0.5
2673,27,81,0,0,-0.5
2674,27,82,1,0,-0.5
2675,27,83,0,1,0.5
2676,27,84,2,1,0.5
2677,27,85,2,1,-0.5
2678,27,86,3,0,0.5
2679,27,87,2,1,0.5
2680,27,88,3,0,0.5
2681,27,89,3,0,-0.5
2682,27,90,1,1,-0.5
2683,27,91,2,1,0.5
2684,27,92,0,0,-0.5
2685,27,93,1,0,0.5
2686,27,94,3,0,0.5
2687,27,95,1,0,0.5
2688,28,0,0,1,-0.5
2689,28,1,3,1,0.5
2690,28,2,1,0,0.5
2691,28,3,3,1,0.5
2692,28,4,1,0,0.5
2693,28,5,2,1,-0.5
2694,28,6,1,0,-0.5
2695,28,7,0,0,0.5
2696,28,8,1,0,0.5
2697,28,9,2,0,-0.5
2698,28,10,0,0,-0.5
2699,28,11,2,1,0.5
2700,28,12,2,0,-0.5
2701,28,13,3,1,-0.5
2702,28,14,0,0,-0.5
2703,28,15,3,1,0.5
2704,28,16,2,1,0.5
2705,28,17,0,1,-0.5
2706,28,18,3,1,-0.5
2707,28,19,2,1,0.5
2708,28,20,3,1,0.5
2709,28,21,0,0,-0.5
2710,28,22,3,0,0.5
2711,28,23,2,1,-0.5
2712,28,24,1,0,0.5
2713,28,25,1,0,-0.5
2714,28,26,0,1,-0.5
2715,28,27,0,1,0.5
2716,28,28,3,1,0.5
2717,28,29,1,0,0.5
2718,28,30,1,1,-0.5
2719,28,31,2,1,0.5
2720,28,32,3,1,0.5
2721,28,33,0,1,-0.5
2722,28,34,2,1,0.5
2723,28,35,1,0,0.5
2724,28,36,2,1,0.5
2725,28,37,1,1,-0.5
2726,28,38,1,1,-0.5
2727,28,39,0,0,-0.5
2728,28,40,3,1,0.5
2729,28,41,1,0,-0.5
2730,28,42,0,1,0.5
2731,28,43,3,1,-0.5
2732,28,44,3,1,0.5
2733,28,45,0,1,-0.5
2734,28,46,2,1,-0.5
2735,28,47,2,0,-0.5
2736,28,48,3,1,-0.5
2737,28,49,2,1,0.5
2738,28,50,3,1,0.5
2739,28,51,2,1,0.5
2740,28,52,3,1,0.5
2741,28,53,0,0,-0.5
2742,28,54,1,1,-0.5
2743,28,55,3,0,-0.5
2744,28,56,0,1,-0.5
2745,28,57,2,1,0.5
2746,28,58,1,1,0.5
2747,28,59,0,1,0.5
2748,28,60,1,1,-0.5
2749,28,61,1,1,-0.5
2750,28,62,0,1,-0.5
2751,28,63,2,1,-0.5
2752,28,64,3,1,-0.5
2753,28,65,0,0,0.5
2754,28,66,1,0,-0.5
2755,28,67,3,1,0.5
2756,28,68,0,1,-0.5
2757,28,69,1,1,-0.5
2758,28,70,2,0,-0.5
2759,28,71,2,1,0.5
2760,28,72,2,1,-0.5
2761,28,73,3,1,0.5
2762,28,74,3,1,0.5
2763,28,75,0,0,-0.5
2764,28,76,0,1,-0.5
2765,28,77,1,1,-0.5
2766,28,78,1,1,-0.5
2767,28,79,2,0,-0.5
2768,28,80,0,1,-0.5
2769,28,81,0,1,-0.5
2770,28,82,0,0,-0.5
2771,28,83,1,1,0.5
2772,28,84,3,1,-0.5
2773,28,85,2,1,0.5
2774,28,86,2,1,0.5
2775,28,87,2,1,0.5
2776,28,88,1,1,-0.5
2777,28,89,2,1,-0.5
2778,28,90,3,1,0.5
2779,28,91,0,1,0.5
2780,28,92,3,1,0.5
2781,28,93,1,1,-0.5
2782,28,94,1,0,0.5
2783,28,95,3,0,0.5
2784,29,0,1,0,0.5
2785,29,1,2,0,0.5
2786,29,2,2,0,-0.5
2787,29,3,3,0,0.5
2788,29,4,3,0,-0.5
2789,29,5,0,0,-0.5
2790,29,6,0,0,-0.5
2791,29,7,2,0,-0.5
2792,29,8,3,1,-0.5
2793,29,9,3,1,0.5
2794,29,10,0,0,-0.5
2795,29,11,1,0,0.5
2796,29,12,1,0,-0.5
2797,29,13,0,1,0.5
2798,29,14,2,1,0.5
2799,29,15,1,0,0.5
2800,29,16,1,0,0.5
2801,29,17,2,1,0.5
2802,29,18,3,1,0.5
2803,29,19,2,1,0.5
2804,29,20,3,1,0.5
2805,29,21,3,1,-0.5
2806,29,22,2,1,0.5
2807,29,23,1,0,-0.5
2808,29,24,0,1,0.5
2809,29,25,1,0,0.5
2810,29,26,0,1,-0.5
2811,29,27,1,0,0.5
2812,29,28,2,1,-0.5
2813,29,29,3,1,0.5
2814,29,30,0,1,-0.5
2815,29,31,0,1,-0.5
2816,29,32,0,1,-0.5
2817,29,33,2,1,0.5
2818,29,34,1,0,0.5
2819,29,35,3,1,-0.5
2820,29,36,0,1,-0.5
2821,29,37,3,0,0.5
2822,29,38,0,1,-0.5
2823,29,39,1,0,-0.5
2824,29,40,3,0,0.5
2825,29,41,2,1,0.5
2826,29,42,1,0,0.5
2827,29,43,2,1,-0.5
2828,29,44,1,0,0.5
2829,29,45,3,0,0.5
2830,29,46,2,1,0.5
2831,29,47,0,1,0.5
2832,29,48,2,1,0.5
2833,29,49,2,1,0.5
2834,29,50,0,1,-0.5
2835,29,51,0,0,-0.5
2836,29,52,2,1,-0.5
2837,29,53,3,0,0.5
2838,29,54,0,0,0.5
2839,29,55,1,0,0.5
2840,29,56,3,0,-0.5
2841,29,57,1,0,0.5
2842,29,58,0,0,-0.5
2843,29,59,3,0,0.5
2844,29,60,1,0,0.5
2845,29,61,3,0,0.5
2846,29,62,2,1,0.5
2847,29,63,1,0,-0.5
2848,29,64,1,0,0.5
2849,29,65,2,1,0.5
2850,29,66,2,1,-0.5
2851,29,67,3,0,0.5
2852,29,68,0,0,0.5
2853,29,69,2,1,0.5
2854,29,70,0,0,-0.5
2855,29,71,0,0,-0.5
2856,29,72,3,0,0.5
2857,29,73,3,0,0.5
2858,29,74,3,0,-0.5
2859,29,75,0,0,-0.5
2860,29,76,1,0,-0.5
2861,29,77,1,0,0.5
2862,29,78,1,0,0.5
2863,29,79,2,1,0.5
2864,29,80,3,0,-0.5
2865,29,81,0,0,-0.5
2866,29,82,2,1,0.5
2867,29,83,0,0,-0.5
2868,29,84,2,1,0.5
2869,29,85,3,0,0.5
2870,29,86,2,1,-0.5
2871,29,87,3,0,0.5
2872,29,88,1,0,0.5
2873,29,89,0,1,-0.5
2874,29,90,0,1,0.5
2875,29,91,1,0,0.5
2876,29,92,2,1,0.5
2877,29,93,1,0,-0.5
2878,29,94,3,0,0.5
2879,29,95,1,0,0.5
2880,30,0,1,1,-0.5
2881,30,1,3,0,0.5
2882,30,2,2,1,0.5
2883,30,3,0,1,-0.5
2884,30,4,2,1,0.5
2885,30,5,2,1,0.5
2886,30,6,3,0,0.5
2887,30,7,0,1,-0.5
2888,30,8,3,0,-0.5
2889,30,9,3,1,0.5
2890,30,10,1,1,0.5
2891,30,11,2,1,-0.5
2892,30,12,1,1,-0.5
2893,30,13,0,1,-0.5
2894,30,14,1,1,-0.5
2895,30,15,0,0,0.5
2896,30,16,2,0,-0.5
2897,30,17,1,1,-0.5
2898,30,18,3,0,-0.5
2899,30,19,2,1,0.5
2900,30,20,3,1,0.5
2901,30,21,0,0,-0.5
2902,30,22,3,1,0.5
2903,30,23,1,1,0.5
2904,30,24,0,0,0.5
2905,30,25,2,0,0.5
2906,30,26,0,1,-0.5
2907,30,27,3,1,0.5
2908,30,28,1,1,-0.5
2909,30,29,2,1,0.5
2910,30,30,1,0,0.5
2911,30,31,0,0,-0.5
2912,30,32,3,1,0.5
2913,30,33,1,1,-0.5
2914,30,34,2,0,-0.5
2915,30,35,2,1,0.5
2916,30,36,0,1,-0.5
2917,30,37,3,1,-0.5
2918,30,38,2,0,-0.5
2919,30,39,1,1,0.5
2920,30,40,3,1,0.5
2921,30,41,0,0,-0.5
2922,30,42,1,1,-0.5
2923,30,43,2,0,-0.5
2924,30,44,3,0,0.5
2925,30,45,0,0,-0.5
2926,30,46,0,0,0.5
2927,30,47,1,1,-0.5
2928,30,48,3,1,0.5
2929,30,49,0,0,0.5
2930,30,50,3,0,0.5
2931,30,51,1,1,0.5
2932,30,52,3,0,-0.5
2933,30,53,1,1,-0.5
2934,30,54,2,1,0.5
2935,30,55,2,1,-0.5
2936,30,56,3,0,0.5
2937,30,57,0,0,-0.5
2938,30,58,0,0,-0.5
2939,30,59,2,1,0.5
2940,30,60,1,1,-0.5
2941,30,61,1,1,-0.5
2942,30,62,0,0,-0.5
2943,30,63,2,0,-0.5
2944,30,64,1,0,0.5
2945,30,65,2,1,0.5
2946,30,66,0,0,0.5
2947,30,67,3,1,0.5
2948,30,68,0,0,-0.5
2949,30,69,3,1,-0.5
2950,30,70,2,1,0.5
2951,30,71,1,0,-0.5
2952,30,72,0,0,-0.5
2953,30,73,3,1,0.5
2954,30,74,3,1,0.5
2955,30,75,2,0,-0.5
2956,30,76,1,1,-0.5
2957,30,77,2,0,0.5
2958,30,78,0,0,-0.5
2959,30,79,1,0,0.5
2960,30,80,0,0,0.5
2961,30,81,1,0,0.5
2962,30,82,0,0,-0.5
2963,30,83,3,1,0.5
2964,30,84,1,1,-0.5
2965,30,85,2,1,0.5
2966,30,86,0,0,-0.5
2967,30,87,2,1,0.5
2968,30,88,3,0,0.5
2969,30,89,2,1,0.5
2970,30,90,1,0,-0.5
2971,30,91,3,1,0.5
2972,30,92,3,0,-0.5
2973,30,93,0,0,-0.5
2974,30,94,2,1,-0.5
2975,30,95,1,0,0.5
2976,31,0,1,0,0.5
2977,31,1,0,1,-0.5
2978,31,2,2,1,0.5
2979,31,3,0,0,-0.5
2980,31,4,1,0,0.5
2981,31,5,0,0,0.5
2982,31,6,2,0,0.5
2983,31,7,3,1,0.5
2984,31,8,1,0,0.5
2985,31,9,0,0,-0.5
2986,31,10,3,1,0.5
2987,31,11,3,1,-0.5
2988,31,12,1,0,-0.5
2989,31,13,2,0,-0.5
2990,31,14,3,1,0.5
2991,31,15,2,0,-0.5
2992,31,16,1,0,0.5
2993,31,17,0,0,-0.5
2994,31,18,0,0,0.5
2995,31,19,2,1,0.5
2996,31,20,3,0,0.5
2997,31,21,2,0,0.5
2998,31,22,1,0,-0.5
2999,31,23,2,1,0.5
3000,31,24,1,0,0.5
3001,31,25,3,0,0.5
3002,31,26,1,0,0.5
3003,31,27,0,1,-0.5
3004,31,28,3,1,-0.5
3005,31,29,3,1,0.5
3006,31,30,0,1,-0.5
3007,31,31,2,0,-0.5
3008,31,32,2,0,-0.5
3009,31,33,0,0,-0.5
3010,31,34,2,1,-0.5
3011,31,35,2,0,-0.5
3012,31,36,3,1,-0.5
3013,31,37,3,1,0.5
3014,31,38,0,0,-0.5
3015,31,39,0,1,-0.5
3016,31,40,0,1,0.5
3017,31,41,1,0,0.5
3018,31,42,1,0,0.5
3019,31,43,3,0,0.5
3020,31,44,1,0,-0.5
3021,31,45,3,0,0.5
3022,31,46,2,0,-0.5
3023,31,47,1,0,0.5
3024,31,48,0,1,0.5
3025,31,49,0,1,-0.5
3026,31,50,2,0,-0.5
3027,31,51,2,1,0.5
3028,31,52,3,1,-0.5
3029,31,53,2,1,-0.5
3030,31,54,1,0,-0.5
3031,31,55,3,0,0.5
3032,31,56,3,0,0.5
3033,31,57,1,0,0.5
3034,31,58,1,0,0.5
3035,31,59,3,0,0.5
3036,31,60,1,0,0.5
3037,31,61,0,1,-0.5
3038,31,62,2,1,0.5
3039,31,63,0,0,-0.5
3040,31,64,0,1,-0.5
3041,31,65,2,1,0.5
3042,31,66,2,1,-0.5
3043,31,67,0,0,0.5
3044,31,68,2,1,0.5
3045,31,69,1,0,0.5
3046,31,70,1,0,0.5
3047,31,71,0,0,-0.5
3048,31,72,3,0,0.5
3049,31,73,0,0,-0.5
3050,31,74,3,0,-0.5
3051,31,75,3,0,0.5
3052,31,76,3,0,0.5
3053,31,77,2,1,0.5
3054,31,78,1,0,0.5
3055,31,79,1,0,-0.5
3056,31,80,3,0,-0.5
3057,31,81,0,0,-0.5
3058,31,82,0,1,-0.5
3059,31,83,3,0,0.5
3060,31,84,2,1,0.5
3061,31,85,0,0,-0.5
3062,31,86,1,0,-0.5
3063,31,87,1,0,0.5
3064,31,88,3,0,0.5
3065,31,89,3,0,0.5
3066,31,90,2,1,-0.5
3067,31,91,0,1,0.5
3068,31,92,1,0,0.5
3069,31,93,2,1,0.5
3070,31,94,1,0,0.5
3071,31,95,2,1,0.5
3072,32,0,1,0,-0.5
3073,32,1,0,0,-0.5
3074,32,2,3,0,-0.5
3075,32,3,3,1,0.5
3076,32,4,0,1,-0.5
3077,32,5,3,1,0.5
3078,32,6,2,0,-0.5
3079,32,7,0,0,-0.5
3080,32,8,2,1,0.5
3081,32,9,3,1,0.5
3082,32,10,1,1,0.5
3083,32,11,1,1,-0.5
3084,32,12,2,1,0.5
3085,32,13,1,1,-0.5
3086,32,14,2,0,0.5
3087,32,15,0,0,0.5
3088,32,16,0,1,-0.5
3089,32,17,3,0,0.5
3090,32,18,2,1,0.5
3091,32,19,1,0,-0.5
3092,32,20,3,1,0.5
3093,32,21,1,0,0.5
3094,32,22,0,1,-0.5
3095,32,23,1,0,0.5
3096,32,24,1,0,0.5
3097,32,25,0,1,0.5
3098,32,26,2,0,0.5
3099,32,27,2,0,-0.5
3100,32,28,0,1,-0.5
3101,32,29,3,1,-0.5
3102,32,30,2,0,-0.5
3103,32,31,3,1,0.5
3104,32,32,3,1,0.5
3105,32,33,0,0,0.5
3106,32,34,0,1,-0.5
3107,32,35,1,0,0.5
3108,32,36,2,0,-0.5
3109,32,37,2,0,0.5
3110,32,38,2,1,0.5
3111,32,39,3,0,0.5
3112,32,40,0,0,-0.5
3113,32,41,2,1,0.5
3114,32,42,1,0,0.5
3115,32,43,1,1,0.5
3116,32,44,0,0,-0.5
3117,32,45,1,1,-0.5
3118,32,46,3,1,-0.5
3119,32,47,3,1,0.5
3120,32,48,2,1,0.5
3121,32,49,1,1,-0.5
3122,32,50,3,0,0.5
3123,32,51,2,0,-0.5
3124,32,52,3,1,-0.5
3125,32,53,2,1,-0.5
3126,32,54,1,0,0.5
3127,32,55,0,0,-0.5
3128,32,56,0,0,0.5
3129,32,57,3,0,0.5
3130,32,58,2,0,-0.5
3131,32,59,1,0,-0.5
3132,32,60,0,0,-0.5
3133,32,61,1,0,0.5
3134,32,62,0,0,-0.5
3135,32,63,3,0,0.5
3136,32,64,3,1,-0.5
3137,32,65,0,1,-0.5
3138,32,66,0,1,-0.5
3139,32,67,0,1,0.5
3140,32,68,1,1,-0.5
3141,32,69,0,1,-0.5
3142,32,70,1,1,-0.5
3143,32,71,3,0,0.5
3144,32,72,2,0,-0.5
3145,32,73,2,0,0.5
3146,32,74,3,0,0.5
3147,32,75,2,1,0.5
3148,32,76,1,1,0.5
3149,32,77,2,1,0.5
3150,32,78,1,1,-0.5
3151,32,79,3,0,0.5
3152,32,80,0,0,-0.5
3153,32,81,1,0,0.5
3154,32,82,2,1,-0.5
3155,32,83,0,0,-0.5
3156,32,84,3,0,0.5
3157,32,85,3,1,-0.5
3158,32,86,1,0,0.5
3159,32,87,1,0,0.5
3160,32,88,2,1,0.5
3161,32,89,1,0,-0.5
3162,32,90,0,0,0.5
3163,32,91,2,1,0.5
3164,32,92,2,0,-0.5
3165,32,93,3,0,0.5
3166,32,94,3,1,0.5
3167,32,95,0,0,-0.5
3168,33,0,2,0,0.5
3169,33,1,0,0,0.5
3170,33,2,1,1,-0.5
3171,33,3,2,0,-0.5
3172,33,4,3,0,0.5
3173,33,5,0,1,-0.5
3174,33,6,0,0,-0.5
3175,33,7,1,1,-0.5
3176,33,8,2,0,-0.5
3177,33,9,3,1,0.5
3178,33,10,3,1,-0.5
3179,33,11,1,0,-0.5
3180,33,12,2,1,0.5
3181,33,13,0,1,-0.5
3182,33,14,3,1,0.5
3183,33,15,1,0,0.5
3184,33,16,1,0,0.5
3185,33,17,0,1,0.5
3186,33,18,2,1,0.5
3187,33,19,0,1,-0.5
3188,33,20,3,1,0.5
3189,33,21,3,1,-0.5
3190,33,22,0,1,-0.5
3191,33,23,2,1,0.5
3192,33,24,1,0,0.5
3193,33,25,3,1,0.5
3194,33,26,0,0,-0.5
3195,33,27,1,0,-0.5
3196,33,28,2,1,-0.5
3197,33,29,3,1,0.5
3198,33,30,2,0,-0.5
3199,33,31,1,0,0.5
3200,33,32,2,0,-0.5
3201,33,33,3,1,0.5
3202,33,34,1,0,-0.5
3203,33,35,2,1,0.5
3204,33,36,1,0,0.5
3205,33,37,1,0,0.5
3206,33,38,1,1,-0.5
3207,33,39,0,1,-0.5
3208,33,40,3,1,0.5
3209,33,41,0,1,0.5
3210,33,42,2,1,-0.5
3211,33,43,2,1,0.5
3212,33,44,0,1,-0.5
3213,33,45,0,0,-0.5
3214,33,46,3,1,-0.5
3215,33,47,3,1,0.5
3216,33,48,0,1,0.5
3217,33,49,2,0,-0.5
3218,33,50,3,1,0.5
3219,33,51,1,0,-0.5
3220,33,52,3,0,0.5
3221,33,53,1,0,0.5
3222,33,54,1,0,0.5
3223,33,55,2,0,0.5
3224,33,56,0,0,-0.5
3225,33,57,3,0,0.5
3226,33,58,0,1,-0.5
3227,33,59,0,1,-0.5
3228,33,60,2,1,0.5
3229,33,61,2,1,0.5
3230,33,62,1,1,-0.5
3231,33,63,3,1,-0.5
3232,33,64,0,1,-0.5
3233,33,65,2,0,-0.5
3234,33,66,3,0,-0.5
3235,33,67,0,1,-0.5
3236,33,68,3,1,0.5
3237,33,69,0,1,0.5
3238,33,70,1,0,0.5
3239,33,71,2,1,0.5
3240,33,72,0,1,-0.5
3241,33,73,2,1,-0.5
3242,33,74,1,1,-0.5
3243,33,75,1,1,0.5
3244,33,76,3,1,0.5
3245,33,77,1,1,-0.5
3246,33,78,3,1,0.5
3247,33,79,2,0,-0.5
3248,33,80,2,0,-0.5
3249,33,81,0,0,-0.5
3250,33,82,0,0,0.5
3251,33,83,2,0,0.5
3252,33,84,1,0,0.5
3253,33,85,0,1,-0.5
3254,33,86,1,1,0.5
3255,33,87,1,1,-0.5
3256,33,88,3,1,-0.5
3257,33,89,3,1,0.5
3258,33,90,2,1,0.5
3259,33,91,0,0,-0.5
3260,33,92,1,0,0.5
3261,33,93,3,1,0.5
3262,33,94,2,1,0.5
3263,33,95,3,1,0.5
3264,34,0,3,0,-0.5
3265,34,1,2,1,0.5
3266,34,2,2,1,0.5
3267,34,3,2,1,0.5
3268,34,4,3,1,0.5
3269,34,5,0,0,-0.5
3270,34,6,3,1,0.5
3271,34,7,3,1,0.5
3272,34,8,1,1,-0.5
3273,34,9,2,1,-0.5
3274,34,10,0,0,0.5
3275,34,11,1,0,0.5
3276,34,12,0,0,-0.5
3277,34,13,1,0,0.5
3278,34,14,0,0,-0.5
3279,34,15,1,0,-0.5
3280,34,16,2,1,0.5
3281,34,17,1,0,0.5
3282,34,18,2,1,0.5
3283,34,19,1,0,-0.5
3284,34,20,3,1,0.5
3285,34,21,0,1,-0.5
3286,34,22,3,1,0.5
3287,34,23,0,0,-0.5
3288,34,24,3,1,-0.5
3289,34,25,0,1,-0.5
3290,34,26,2,1,0.5
3291,34,27,1,0,0.5
3292,34,28,1,0,0.5
3293,34,29,2,1,-0.5
3294,34,30,3,1,0.5
3295,34,31,0,0,0.5
3296,34,32,0,0,-0.5
3297,34,33,0,1,-0.5
3298,34,34,1,0,0.5
3299,34,35,2,1,0.5
3300,34,36,2,1,-0.5
3301,34,37,2,1,0.5
3302,34,38,3,1,-0.5
3303,34,39,0,0,0.5
3304,34,40,1,0,0.5
3305,34,41,1,0,0.5
3306,34,42,0,0,-0.5
3307,34,43,3,1,0.5
3308,34,44,3,1,0.5
3309,34,45,3,1,0.5
3310,34,46,1,0,-0.5
3311,34,47,2,1,0.5
3312,34,48,0,0,0.5
3313,34,49,3,1,0.5
3314,34,50,1,0,0.5
3315,34,51,0,0,-0.5
3316,34,52,3,1,-0.5
3317,34,53,1,0,-0.5
3318,34,54,1,0,0.5
3319,34,55,2,1,0.5
3320,34,56,3,1,0.5
3321,34,57,0,0,-0.5
3322,34,58,2,1,0.5
3323,34,59,1,0,0.5
3324,34,60,3,1,0.5
3325,34,61,2,1,0.5
3326,34,62,2,1,-0.5
3327,34,63,0,0,-0.5
3328,34,64,3,1,0.5
3329,34,65,1,0,0.5
3330,34,66,3,1,0.5
3331,34,67,0,1,-0.5
3332,34,68,1,0,-0.5
3333,34,69,0,0,0.5
3334,34,70,0,0,-0.5
3335,34,71,0,0,-0.5
3336,34,72,2,1,0.5
3337,34,73,2,1,0.5
3338,34,74,3,1,0.5
3339,34,75,2,1,-0.5
3340,34,76,1,0,0.5
3341,34,77,3,1,-0.5
3342,34,78,2,1,0.5
3343,34,79,1,0,0.5
3344,34,80,0,0,-0.5
3345,34,81,2,1,0.5
3346,34,82,0,0,0.5
3347,34,83,2,1,0.5
3348,34,84,1,0,-0.5
3349,34,85,0,0,-0.5
3350,34,86,1,0,0.5
3351,34,87,3,1,0.5
3352,34,88,3,1,0.5
3353,34,89,2,1,0.5
3354,34,90,0,0,-0.5
3355,34,91,1,0,0.5
3356,34,92,3,1,-0.5
3357,34,93,2,1,-0.5
3358,34,94,3,1,0.5
3359,34,95,1,0,0.5
